order_id,customer_id,order_placed_at,fulfillment_status,payment_gateway,discount_code,shipping_cost,currency
ORD-000001,C00099,2024-10-06T09:51:00Z,fulfilled,stripe,,7.44,USD
ORD-000002,C00043,2024-12-01T18:18:00Z,fulfilled,paypal,,6.71,USD
ORD-000006,C00120,2024-08-30T20:31:00Z,fulfilled,store_credit,,1.95,USD
ORD-000008,C00142,2025-06-15T12:54:00Z,fulfilled,paypal,,9.22,USD
ORD-000011,C00108,2024-09-10T10:06:00Z,fulfilled,stripe,,12.2,USD
ORD-000012,C00168,2024-12-27T08:03:00Z,fulfilled,paypal,,8.05,USD
ORD-000017,C00144,2026-06-12T19:46:00Z,fulfilled,giftcard_platform,,7.88,USD
ORD-000020,C00058,2026-01-28T17:15:00Z,fulfilled,stripe,,1.5,USD
ORD-000021,C00197,2024-07-23T20:18:00Z,fulfilled,store_credit,,3.48,USD
ORD-000022,C00192,2024-06-29T08:53:00Z,fulfilled,paypal,SUMMER24,13.15,USD
ORD-000026,C00076,2026-06-28T19:49:00Z,fulfilled,stripe,,3.29,USD
ORD-000029,C00149,2024-11-11T19:01:00Z,fulfilled,giftcard_platform,,5.17,USD
ORD-000030,C00197,2024-03-11T15:02:00Z,fulfilled,giftcard_platform,,5.62,USD
ORD-000031,C00185,2024-08-16T08:48:00Z,fulfilled,store_credit,,5.69,USD
ORD-000032,C00197,2026-01-12T20:07:00Z,fulfilled,stripe,,3.61,USD
ORD-000037,C00102,2026-02-11T15:58:00Z,fulfilled,store_credit,,4.82,USD
ORD-000039,C00063,2024-10-29T10:12:00Z,fulfilled,paypal,,3.86,USD
ORD-000043,C00176,2025-02-19T15:36:00Z,cancelled,stripe,,9.81,USD
ORD-000049,C00108,2024-11-04T12:31:00Z,fulfilled,stripe,,5.42,USD
ORD-000051,C00148,2024-06-30T14:20:00Z,cancelled,paypal,,5.64,USD
ORD-000056,C00110,2026-01-28T11:33:00Z,fulfilled,stripe,,11.97,USD
ORD-000057,C00072,2025-04-05T17:27:00Z,cancelled,stripe,SPRING25,8.66,USD
ORD-000058,C00077,2024-12-26T15:39:00Z,fulfilled,store_credit,,1.27,USD
ORD-000061,C00198,2024-08-18T16:18:00Z,fulfilled,store_credit,,7.66,USD
ORD-000062,C00031,2024-02-03T15:16:00Z,fulfilled,stripe,,3.15,USD
ORD-000064,C00020,2024-05-25T17:40:00Z,fulfilled,stripe,,6.04,USD
ORD-000065,C00110,2025-12-15T13:54:00Z,fulfilled,giftcard_platform,HOLIDAY25,4.03,USD
ORD-000068,C00221,2025-11-27T15:00:00Z,fulfilled,stripe,,7.17,USD
ORD-000069,C00165,2026-06-21T12:08:00Z,refunded,stripe,,1.03,USD
ORD-000070,C00036,2025-08-26T19:24:00Z,fulfilled,stripe,,3.72,USD
ORD-000073,C00112,2025-03-23T19:54:00Z,fulfilled,store_credit,SPRING25,9.13,USD
ORD-000074,C00224,2026-03-12T19:16:00Z,fulfilled,stripe,,11.57,USD
ORD-000080,C00134,2024-05-25T19:17:00Z,fulfilled,paypal,,6.88,USD
ORD-000082,C00054,2025-04-22T13:26:00Z,fulfilled,giftcard_platform,,3.98,USD
ORD-000084,C00162,2024-03-04T20:14:00Z,fulfilled,stripe,SPRING24,8.73,USD
ORD-000085,C00147,2026-04-29T20:21:00Z,fulfilled,giftcard_platform,,7.44,USD
ORD-000090,C00158,2024-08-26T17:14:00Z,fulfilled,stripe,,5.11,USD
ORD-000096,C00042,2024-11-22T12:06:00Z,fulfilled,store_credit,,14.13,USD
ORD-000098,C00141,2025-11-07T12:19:00Z,fulfilled,stripe,,0.82,USD
ORD-000102,C00175,2024-06-20T11:51:00Z,fulfilled,stripe,SUMMER24,12.51,USD
ORD-000104,C00013,2025-11-28T19:25:00Z,fulfilled,paypal,,13.46,USD
ORD-000107,C00046,2024-05-06T18:01:00Z,fulfilled,giftcard_platform,,8.8,USD
ORD-000113,C00077,2026-06-29T11:32:00Z,fulfilled,stripe,,2.06,USD
ORD-000115,C00004,2025-05-03T14:00:00Z,fulfilled,store_credit,,2.86,USD
ORD-000116,C00043,2024-12-18T12:08:00Z,fulfilled,stripe,HOLIDAY24,4.47,USD
ORD-000117,C00058,2025-05-16T13:48:00Z,fulfilled,stripe,,3.17,USD
ORD-000118,C00137,2025-12-29T18:50:00Z,fulfilled,store_credit,,14.92,USD
ORD-000119,C00040,2025-03-02T15:24:00Z,fulfilled,stripe,SPRING25,4.52,USD
ORD-000121,C00214,2024-12-04T11:00:00Z,fulfilled,giftcard_platform,,2.24,USD
ORD-000122,C00013,2024-04-13T12:41:00Z,fulfilled,stripe,SPRING24,13.11,USD
ORD-000126,C00013,2024-03-17T20:31:00Z,fulfilled,store_credit,,9.65,USD
ORD-000127,C00024,2024-04-15T14:26:00Z,fulfilled,store_credit,SPRING24,9.56,USD
ORD-000128,C00163,2024-04-09T20:42:00Z,fulfilled,paypal,SPRING24,8.22,USD
ORD-000129,C00212,2025-09-17T11:12:00Z,fulfilled,paypal,,1.62,USD
ORD-000137,C00062,2025-07-28T20:41:00Z,fulfilled,store_credit,,13.78,USD
ORD-000138,C00096,2025-07-07T19:18:00Z,fulfilled,store_credit,,6.68,USD
ORD-000139,C00002,2025-06-10T09:06:00Z,unfulfilled,stripe,SUMMER25,10.06,USD
ORD-000145,C00218,2024-09-15T11:07:00Z,fulfilled,store_credit,,6.92,USD
ORD-000152,C00132,2024-01-07T16:56:00Z,fulfilled,stripe,,2.25,USD
ORD-000154,C00223,2026-04-21T12:05:00Z,fulfilled,stripe,,12.46,USD
ORD-000160,C00010,2025-03-21T09:04:00Z,fulfilled,giftcard_platform,SPRING25,9.21,USD
ORD-000164,C00057,2025-05-08T09:16:00Z,fulfilled,stripe,,12.0,USD
ORD-000165,C00192,2024-07-01T15:20:00Z,fulfilled,stripe,SUMMER24,7.48,USD
ORD-000166,C00170,2024-12-30T10:49:00Z,fulfilled,stripe,,11.46,USD
ORD-000168,C00093,2024-01-09T08:43:00Z,fulfilled,paypal,,2.81,USD
ORD-000171,C00174,2026-04-09T12:22:00Z,fulfilled,stripe,SPRING26,8.65,USD
ORD-000172,C00104,2025-10-17T20:59:00Z,fulfilled,stripe,,1.19,USD
ORD-000176,C00094,2024-12-21T15:34:00Z,fulfilled,stripe,HOLIDAY24,4.55,USD
ORD-000181,C00009,2026-02-25T19:15:00Z,fulfilled,stripe,,7.82,USD
ORD-000183,C00011,2024-10-09T17:07:00Z,fulfilled,giftcard_platform,,10.33,USD
ORD-000184,C00180,2024-12-12T20:40:00Z,fulfilled,stripe,,1.89,USD
ORD-000185,C00011,2024-01-22T19:24:00Z,fulfilled,giftcard_platform,,8.39,USD
ORD-000186,C00130,2024-10-29T12:34:00Z,fulfilled,stripe,,13.24,USD
ORD-000187,C00009,2024-04-08T16:42:00Z,fulfilled,giftcard_platform,SPRING24,2.87,USD
ORD-000188,C00184,2025-09-30T19:37:00Z,fulfilled,stripe,,9.84,USD
ORD-000190,C00064,2026-01-12T11:34:00Z,fulfilled,stripe,,8.38,USD
ORD-000192,C00081,2024-05-18T12:00:00Z,fulfilled,paypal,,13.79,USD
ORD-000193,C00045,2025-08-05T11:46:00Z,fulfilled,store_credit,,12.29,USD
ORD-000196,C00179,2025-07-15T14:16:00Z,fulfilled,stripe,SUMMER25,7.21,USD
ORD-000197,C00083,2026-01-23T16:15:00Z,fulfilled,store_credit,,1.34,USD
ORD-000198,C00060,2026-04-02T15:39:00Z,fulfilled,paypal,,2.34,USD
ORD-000202,C00144,2025-09-03T16:05:00Z,fulfilled,stripe,,0.6,USD
ORD-000204,C00110,2025-09-19T18:43:00Z,fulfilled,store_credit,,4.94,USD
ORD-000206,C00158,2024-07-11T09:08:00Z,refunded,store_credit,,9.19,USD
ORD-000213,C00128,2024-01-04T17:48:00Z,fulfilled,stripe,,9.12,USD
ORD-000214,C00010,2025-07-24T11:03:00Z,fulfilled,stripe,,10.0,USD
ORD-000215,C00077,2025-04-11T19:37:00Z,fulfilled,giftcard_platform,SPRING25,12.3,USD
ORD-000218,C00102,2025-07-17T13:49:00Z,fulfilled,store_credit,,14.4,USD
ORD-000219,C00222,2026-03-27T08:41:00Z,fulfilled,paypal,,6.94,USD
ORD-000220,C00216,2024-06-01T12:53:00Z,fulfilled,store_credit,,5.84,USD
ORD-000221,C00124,2026-03-07T11:58:00Z,fulfilled,stripe,SPRING26,2.85,USD
ORD-000222,C00153,2025-12-31T16:07:00Z,fulfilled,paypal,,7.0,USD
ORD-000232,C00001,2026-05-22T12:03:00Z,fulfilled,paypal,,1.65,USD
ORD-000241,C00068,2026-02-09T16:14:00Z,cancelled,giftcard_platform,,0.18,USD
ORD-000244,C00155,2024-08-10T17:40:00Z,fulfilled,store_credit,,12.05,USD
ORD-000247,C00164,2024-09-13T20:28:00Z,fulfilled,stripe,,9.97,USD
ORD-000250,C00113,2024-04-19T18:44:00Z,fulfilled,stripe,,0.54,USD
ORD-000251,C00208,2026-03-22T16:41:00Z,fulfilled,stripe,,0.56,USD
ORD-000259,C00100,2026-06-30T14:09:00Z,fulfilled,giftcard_platform,,10.8,USD
ORD-000260,C00076,2025-04-21T15:26:00Z,fulfilled,store_credit,,13.58,USD
ORD-000266,C00039,2024-03-19T09:10:00Z,cancelled,store_credit,SPRING24,14.28,USD
ORD-000267,C00006,2025-07-08T10:30:00Z,fulfilled,stripe,,0.33,USD
ORD-000269,C00042,2024-02-18T10:22:00Z,fulfilled,paypal,,2.73,USD
ORD-000270,C00171,2025-03-27T12:23:00Z,fulfilled,paypal,,2.22,USD
ORD-000271,C00075,2026-01-26T16:32:00Z,cancelled,store_credit,,10.0,USD
ORD-000274,C00023,2026-06-07T16:21:00Z,fulfilled,paypal,,6.22,USD
ORD-000275,C00214,2024-01-28T20:00:00Z,fulfilled,stripe,,9.81,USD
ORD-000276,C00223,2024-03-09T17:47:00Z,fulfilled,giftcard_platform,SPRING24,14.61,USD
ORD-000279,C00040,2026-03-08T15:26:00Z,fulfilled,stripe,SPRING26,11.93,USD
ORD-000282,C00025,2024-05-01T12:02:00Z,fulfilled,store_credit,,3.08,USD
ORD-000283,C00157,2025-08-16T13:22:00Z,fulfilled,store_credit,,1.03,USD
ORD-000285,C00080,2024-12-01T15:07:00Z,fulfilled,giftcard_platform,,3.39,USD
ORD-000286,C00178,2025-06-19T18:43:00Z,fulfilled,stripe,SUMMER25,11.12,USD
ORD-000289,C00067,2026-03-22T15:12:00Z,fulfilled,store_credit,SPRING26,8.2,USD
ORD-000291,C00127,2025-05-02T16:54:00Z,fulfilled,giftcard_platform,,9.25,USD
ORD-000293,C00010,2024-03-08T12:07:00Z,fulfilled,giftcard_platform,SPRING24,8.52,USD
ORD-000299,C00129,2026-05-09T19:53:00Z,fulfilled,store_credit,,9.96,USD
ORD-000305,C00197,2024-11-17T17:05:00Z,fulfilled,stripe,,12.7,USD
ORD-000313,C00127,2024-02-06T15:16:00Z,fulfilled,paypal,,14.83,USD
ORD-000316,C00155,2024-10-16T13:51:00Z,fulfilled,giftcard_platform,,3.83,USD
ORD-000318,C00119,2025-03-20T18:27:00Z,fulfilled,stripe,SPRING25,13.96,USD
ORD-000319,C00131,2025-08-05T08:35:00Z,fulfilled,stripe,,6.97,USD
ORD-000321,C00104,2025-02-08T09:00:00Z,fulfilled,store_credit,,10.89,USD
ORD-000325,C00176,2025-04-25T13:28:00Z,fulfilled,store_credit,,12.8,USD
ORD-000326,C00126,2024-03-29T18:30:00Z,fulfilled,giftcard_platform,SPRING24,14.15,USD
ORD-000327,C00059,2025-05-30T08:51:00Z,fulfilled,stripe,,7.3,USD
ORD-000329,C00107,2025-01-07T13:52:00Z,fulfilled,stripe,,3.68,USD
ORD-000339,C00032,2024-11-08T12:13:00Z,refunded,stripe,,13.06,USD
ORD-000341,C00147,2026-01-23T12:41:00Z,fulfilled,paypal,,8.42,USD
ORD-000343,C00082,2024-01-24T13:27:00Z,fulfilled,stripe,,1.72,USD
ORD-000344,C00174,2024-07-06T12:49:00Z,fulfilled,store_credit,,14.42,USD
ORD-000346,C00033,2025-08-23T18:06:00Z,fulfilled,giftcard_platform,,6.69,USD
ORD-000349,C00106,2024-01-03T17:30:00Z,fulfilled,giftcard_platform,,11.44,USD
ORD-000350,C00175,2024-07-16T15:00:00Z,fulfilled,paypal,,2.87,USD
ORD-000351,C00175,2025-05-20T10:35:00Z,refunded,stripe,,0.98,USD
ORD-000352,C00178,2026-01-16T20:17:00Z,fulfilled,store_credit,,3.79,USD
ORD-000354,C00161,2024-03-17T11:12:00Z,fulfilled,giftcard_platform,SPRING24,6.48,USD
ORD-000356,C00014,2025-09-17T18:27:00Z,fulfilled,giftcard_platform,,6.03,USD
ORD-000357,C00152,2025-08-24T11:06:00Z,fulfilled,stripe,,13.57,USD
ORD-000359,C00144,2025-11-04T18:09:00Z,fulfilled,giftcard_platform,,5.16,USD
ORD-000360,C00086,2025-04-23T17:44:00Z,fulfilled,giftcard_platform,,4.93,USD
ORD-000362,C00073,2025-08-22T20:23:00Z,fulfilled,paypal,,10.78,USD
ORD-000364,C00082,2024-05-13T20:12:00Z,fulfilled,stripe,,13.82,USD
ORD-000365,C00226,2026-03-20T18:39:00Z,fulfilled,store_credit,SPRING26,5.61,USD
ORD-000366,C00097,2024-07-26T15:55:00Z,fulfilled,paypal,,3.82,USD
ORD-000369,C00036,2026-02-25T18:54:00Z,cancelled,store_credit,,13.69,USD
ORD-000372,C00087,2024-05-11T12:47:00Z,fulfilled,giftcard_platform,,10.29,USD
ORD-000373,C00099,2025-08-10T14:24:00Z,fulfilled,stripe,,4.93,USD
ORD-000374,C00117,2025-01-30T12:13:00Z,fulfilled,store_credit,,0.17,USD
ORD-000376,C00216,2024-02-10T19:05:00Z,fulfilled,paypal,,5.87,USD
ORD-000378,C00200,2025-07-20T09:23:00Z,fulfilled,giftcard_platform,,2.47,USD
ORD-000379,C00102,2026-02-06T15:24:00Z,fulfilled,paypal,,1.72,USD
ORD-000380,C00044,2024-09-05T19:28:00Z,fulfilled,store_credit,,1.51,USD
ORD-000381,C00114,2024-07-01T11:45:00Z,fulfilled,store_credit,SUMMER24,9.62,USD
ORD-000382,C00064,2024-02-23T17:00:00Z,fulfilled,stripe,,3.0,USD
ORD-000385,C00167,2025-02-02T11:29:00Z,fulfilled,stripe,,1.01,USD
ORD-000386,C00162,2026-03-21T17:10:00Z,fulfilled,stripe,SPRING26,4.98,USD
ORD-000388,C00114,2025-01-19T11:41:00Z,cancelled,paypal,,2.01,USD
ORD-000389,C00206,2024-09-05T11:34:00Z,fulfilled,stripe,,9.12,USD
ORD-000391,C00093,2025-04-04T18:12:00Z,fulfilled,stripe,SPRING25,7.06,USD
ORD-000395,C00102,2024-01-13T09:49:00Z,cancelled,stripe,,7.78,USD
ORD-000396,C00193,2025-06-29T18:56:00Z,fulfilled,stripe,,1.64,USD
ORD-000397,C00051,2026-01-20T14:10:00Z,fulfilled,store_credit,,14.23,USD
ORD-000398,C00017,2025-10-13T10:05:00Z,fulfilled,store_credit,,3.52,USD
ORD-000409,C00073,2024-12-22T20:25:00Z,fulfilled,stripe,,10.52,USD
ORD-000412,C00032,2025-10-09T18:28:00Z,fulfilled,store_credit,,3.37,USD
ORD-000413,C00136,2026-04-12T19:01:00Z,fulfilled,store_credit,,12.56,USD
ORD-000417,C00166,2025-10-10T19:41:00Z,fulfilled,store_credit,,2.46,USD
ORD-000418,C00085,2024-10-03T09:34:00Z,fulfilled,paypal,,13.64,USD
ORD-000420,C00146,2025-12-04T16:45:00Z,fulfilled,stripe,,13.78,USD
ORD-000422,C00127,2024-04-05T10:36:00Z,refunded,stripe,SPRING24,14.43,USD
ORD-000427,C00051,2025-02-08T14:47:00Z,fulfilled,paypal,,1.78,USD
ORD-000431,C00072,2025-06-06T14:41:00Z,fulfilled,giftcard_platform,SUMMER25,3.7,USD
ORD-000432,C00156,2025-11-07T19:20:00Z,fulfilled,stripe,,3.78,USD
ORD-000437,C00031,2024-09-22T12:54:00Z,cancelled,stripe,,8.0,USD
ORD-000438,C00095,2024-08-03T16:07:00Z,fulfilled,store_credit,,3.96,USD
ORD-000441,C00046,2025-05-05T09:31:00Z,fulfilled,giftcard_platform,,14.15,USD
ORD-000442,C00117,2025-12-04T17:12:00Z,fulfilled,giftcard_platform,,1.5,USD
ORD-000444,C00140,2025-05-05T10:15:00Z,cancelled,stripe,,1.54,USD
ORD-000445,C00184,2024-12-27T18:18:00Z,fulfilled,stripe,,7.38,USD
ORD-000448,C00099,2026-01-14T12:09:00Z,fulfilled,giftcard_platform,,6.36,USD
ORD-000451,C00107,2024-05-24T09:15:00Z,fulfilled,stripe,,7.05,USD
ORD-000452,C00165,2025-10-22T19:00:00Z,fulfilled,stripe,,7.55,USD
ORD-000454,C00050,2025-02-18T14:10:00Z,fulfilled,stripe,,1.17,USD
ORD-000455,C00081,2024-03-28T17:36:00Z,fulfilled,paypal,SPRING24,0.13,USD
ORD-000462,C00088,2025-02-10T20:27:00Z,fulfilled,giftcard_platform,,3.19,USD
ORD-000465,C00211,2024-06-13T19:27:00Z,cancelled,store_credit,SUMMER24,2.98,USD
ORD-000482,C00085,2026-03-09T13:07:00Z,cancelled,store_credit,SPRING26,11.93,USD
ORD-000484,C00005,2025-09-07T13:37:00Z,fulfilled,store_credit,,14.82,USD
ORD-000485,C00021,2025-03-01T19:19:00Z,refunded,paypal,SPRING25,7.41,USD
ORD-000492,C00079,2026-03-09T14:12:00Z,fulfilled,store_credit,SPRING26,9.73,USD
ORD-000494,C00109,2024-10-06T13:06:00Z,fulfilled,stripe,,6.04,USD
ORD-000495,C00104,2024-03-08T16:06:00Z,fulfilled,stripe,,3.3,USD
ORD-000498,C00075,2025-05-15T11:30:00Z,fulfilled,store_credit,,7.55,USD
ORD-000503,C00091,2026-04-25T17:07:00Z,fulfilled,stripe,,0.75,USD
ORD-000504,C00150,2024-03-29T19:17:00Z,refunded,paypal,SPRING24,3.28,USD
ORD-000506,C00135,2025-04-17T16:11:00Z,fulfilled,paypal,,7.56,USD
ORD-000508,C00222,2025-08-31T09:52:00Z,fulfilled,store_credit,,10.12,USD
ORD-000509,C00040,2026-01-28T15:08:00Z,fulfilled,paypal,,10.79,USD
ORD-000510,C00064,2024-04-27T09:00:00Z,fulfilled,giftcard_platform,,0.37,USD
ORD-000511,C00169,2025-03-18T10:40:00Z,fulfilled,store_credit,,11.12,USD
ORD-000514,C00199,2025-04-28T17:42:00Z,cancelled,paypal,,1.94,USD
ORD-000515,C00207,2025-05-26T18:30:00Z,fulfilled,stripe,,1.58,USD
ORD-000517,C00093,2025-11-15T09:13:00Z,fulfilled,store_credit,,8.2,USD
ORD-000519,C00014,2024-05-10T20:33:00Z,fulfilled,paypal,,0.34,USD
ORD-000524,C00192,2024-02-29T11:14:00Z,fulfilled,store_credit,,8.52,USD
ORD-000525,C00168,2024-05-09T15:11:00Z,fulfilled,paypal,,1.95,USD
ORD-000527,C00216,2025-12-23T17:31:00Z,fulfilled,stripe,,4.57,USD
ORD-000528,C00005,2026-04-27T09:03:00Z,fulfilled,giftcard_platform,,6.66,USD
ORD-000531,C00071,2026-02-28T16:18:00Z,fulfilled,paypal,,11.74,USD
ORD-000532,C00017,2024-02-29T17:05:00Z,fulfilled,paypal,,11.49,USD
ORD-000533,C00149,2024-04-27T18:02:00Z,fulfilled,store_credit,,10.76,USD
ORD-000535,C00037,2025-01-15T18:26:00Z,fulfilled,store_credit,,11.82,USD
ORD-000538,C00093,2026-06-20T14:23:00Z,fulfilled,store_credit,,3.46,USD
ORD-000543,C00074,2025-08-11T17:20:00Z,fulfilled,giftcard_platform,,3.35,USD
ORD-000547,C00209,2025-01-20T11:43:00Z,fulfilled,giftcard_platform,,4.24,USD
ORD-000548,C00177,2025-05-17T16:39:00Z,fulfilled,giftcard_platform,,9.47,USD
ORD-000549,C00162,2026-05-10T11:56:00Z,fulfilled,paypal,,8.15,USD
ORD-000552,C00093,2026-02-24T20:35:00Z,fulfilled,stripe,,12.57,USD
ORD-000553,C00073,2025-06-23T09:32:00Z,fulfilled,stripe,SUMMER25,9.47,USD
ORD-000554,C00130,2024-05-14T19:56:00Z,fulfilled,giftcard_platform,,0.3,USD
ORD-000555,C00124,2025-01-20T12:27:00Z,fulfilled,store_credit,,7.6,USD
ORD-000560,C00053,2025-01-15T17:41:00Z,fulfilled,paypal,,7.79,USD
ORD-000561,C00018,2026-01-02T15:00:00Z,fulfilled,stripe,,4.68,USD
ORD-000562,C00058,2025-04-24T17:10:00Z,fulfilled,stripe,,13.92,USD
ORD-000565,C00043,2025-06-18T13:33:00Z,fulfilled,paypal,,10.67,USD
ORD-000567,C00065,2024-07-18T08:37:00Z,fulfilled,stripe,,9.1,USD
ORD-000568,C00147,2024-02-14T19:45:00Z,fulfilled,giftcard_platform,,14.96,USD
ORD-000571,C00023,2025-07-28T13:07:00Z,fulfilled,giftcard_platform,,1.32,USD
ORD-000573,C00076,2025-02-27T11:53:00Z,fulfilled,giftcard_platform,,3.97,USD
ORD-000575,C00083,2024-11-26T13:36:00Z,fulfilled,paypal,,13.04,USD
ORD-000576,C00120,2024-12-10T18:57:00Z,fulfilled,stripe,HOLIDAY24,6.59,USD
ORD-000578,C00061,2024-05-31T11:56:00Z,fulfilled,giftcard_platform,,1.35,USD
ORD-000579,C00172,2025-04-27T16:43:00Z,fulfilled,giftcard_platform,,10.59,USD
ORD-000580,C00187,2024-05-16T14:49:00Z,fulfilled,store_credit,,5.91,USD
ORD-000582,C00102,2025-11-22T15:02:00Z,fulfilled,stripe,,6.97,USD
ORD-000584,C00137,2026-05-14T16:23:00Z,fulfilled,stripe,,2.26,USD
ORD-000585,C00065,2024-05-04T15:29:00Z,fulfilled,paypal,,11.5,USD
ORD-000587,C00063,2025-05-20T14:57:00Z,fulfilled,store_credit,,8.54,USD
ORD-000590,C00071,2024-01-06T14:13:00Z,fulfilled,store_credit,,11.85,USD
ORD-000592,C00162,2025-02-03T12:25:00Z,fulfilled,paypal,,1.25,USD
ORD-000594,C00189,2024-04-23T17:18:00Z,fulfilled,store_credit,,6.13,USD
ORD-000602,C00033,2025-12-31T15:43:00Z,refunded,paypal,,12.89,USD
ORD-000604,C00156,2024-03-07T13:14:00Z,fulfilled,stripe,SPRING24,9.75,USD
ORD-000610,C00173,2025-06-05T15:31:00Z,fulfilled,giftcard_platform,,5.14,USD
ORD-000611,C00219,2024-06-07T13:10:00Z,fulfilled,stripe,,4.89,USD
ORD-000614,C00138,2025-08-23T14:03:00Z,fulfilled,paypal,,1.67,USD
ORD-000615,C00084,2025-08-26T12:36:00Z,fulfilled,paypal,,8.35,USD
ORD-000616,C00118,2025-04-01T19:56:00Z,fulfilled,stripe,SPRING25,10.17,USD
ORD-000619,C00058,2025-02-15T17:18:00Z,fulfilled,stripe,,3.88,USD
ORD-000623,C00126,2025-08-15T19:33:00Z,refunded,paypal,,11.25,USD
ORD-000624,C00220,2025-04-12T08:00:00Z,fulfilled,paypal,SPRING25,14.19,USD
ORD-000626,C00010,2024-01-10T10:33:00Z,cancelled,stripe,,13.0,USD
ORD-000629,C00158,2025-04-25T12:08:00Z,fulfilled,stripe,,7.17,USD
ORD-000630,C00134,2026-01-17T18:19:00Z,fulfilled,paypal,,11.4,USD
ORD-000635,C00058,2024-06-11T09:43:00Z,fulfilled,stripe,,8.11,USD
ORD-000637,C00090,2024-06-12T18:26:00Z,fulfilled,paypal,SUMMER24,2.11,USD
ORD-000638,C00032,2025-10-05T17:30:00Z,fulfilled,store_credit,,6.82,USD
ORD-000643,C00187,2025-10-07T13:06:00Z,fulfilled,paypal,,5.38,USD
ORD-000646,C00024,2025-07-27T16:11:00Z,cancelled,store_credit,,13.72,USD
ORD-000649,C00138,2025-07-05T17:08:00Z,fulfilled,store_credit,,3.42,USD
ORD-000650,C00015,2025-03-22T09:10:00Z,fulfilled,giftcard_platform,SPRING25,13.01,USD
ORD-000652,C00019,2024-02-24T19:48:00Z,fulfilled,store_credit,,6.21,USD
ORD-000654,C00087,2024-09-23T14:12:00Z,fulfilled,stripe,,7.86,USD
ORD-000655,C00084,2025-01-17T09:10:00Z,fulfilled,stripe,,12.0,USD
ORD-000658,C00169,2025-02-17T08:22:00Z,fulfilled,store_credit,,1.48,USD
ORD-000660,C00013,2025-07-09T10:41:00Z,fulfilled,giftcard_platform,SUMMER25,2.82,USD
ORD-000661,C00012,2026-01-01T11:31:00Z,fulfilled,stripe,,13.5,USD
ORD-000673,C00063,2025-08-11T20:51:00Z,fulfilled,stripe,,11.44,USD
ORD-000674,C00017,2024-12-31T11:47:00Z,fulfilled,paypal,,8.75,USD
ORD-000676,C00197,2024-02-10T10:56:00Z,fulfilled,paypal,,13.96,USD
ORD-000678,C00070,2024-09-01T19:19:00Z,fulfilled,giftcard_platform,,9.89,USD
ORD-000679,C00097,2025-04-26T14:24:00Z,fulfilled,store_credit,,12.8,USD
ORD-000683,C00210,2026-01-04T09:24:00Z,fulfilled,giftcard_platform,,9.08,USD
ORD-000684,C00225,2025-06-03T08:05:00Z,fulfilled,stripe,SUMMER25,10.5,USD
ORD-000685,C00106,2026-02-13T11:10:00Z,fulfilled,paypal,,3.27,USD
ORD-000689,C00039,2024-06-03T17:11:00Z,fulfilled,stripe,SUMMER24,0.33,USD
ORD-000694,C00200,2024-07-16T20:49:00Z,fulfilled,stripe,,3.35,USD
ORD-000696,C00038,2025-10-21T20:26:00Z,fulfilled,giftcard_platform,,8.33,USD
ORD-000697,C00097,2024-11-30T16:30:00Z,fulfilled,giftcard_platform,,9.69,USD
ORD-000698,C00042,2025-05-23T09:59:00Z,fulfilled,stripe,,1.38,USD
ORD-000699,C00023,2025-03-02T18:50:00Z,fulfilled,giftcard_platform,SPRING25,2.39,USD
ORD-000703,C00115,2024-11-30T12:25:00Z,fulfilled,store_credit,BF2024,11.55,USD
ORD-000705,C00043,2026-01-07T14:46:00Z,fulfilled,giftcard_platform,,8.41,USD
ORD-000706,C00025,2024-01-01T12:28:00Z,fulfilled,stripe,,9.69,USD
ORD-000707,C00175,2026-06-27T20:58:00Z,fulfilled,giftcard_platform,,2.62,USD
ORD-000709,C00012,2026-04-30T15:26:00Z,fulfilled,paypal,,10.65,USD
ORD-000710,C00094,2025-12-20T15:50:00Z,refunded,paypal,HOLIDAY25,6.84,USD
ORD-000711,C00127,2024-12-21T20:18:00Z,fulfilled,giftcard_platform,,5.4,USD
ORD-000715,C00212,2024-07-14T08:01:00Z,fulfilled,stripe,SUMMER24,1.01,USD
ORD-000717,C00025,2025-07-10T09:05:00Z,cancelled,paypal,,3.62,USD
ORD-000720,C00155,2024-04-28T09:10:00Z,refunded,giftcard_platform,,7.44,USD
ORD-000729,C00213,2026-01-10T12:40:00Z,fulfilled,giftcard_platform,,5.62,USD
ORD-000732,C00193,2024-10-18T14:15:00Z,fulfilled,store_credit,,5.3,USD
ORD-000736,C00007,2026-01-02T12:57:00Z,fulfilled,store_credit,,3.66,USD
ORD-000737,C00186,2025-02-02T17:22:00Z,fulfilled,giftcard_platform,,1.34,USD
ORD-000739,C00072,2025-06-21T12:28:00Z,fulfilled,stripe,,3.44,USD
ORD-000740,C00043,2026-06-11T19:11:00Z,fulfilled,stripe,,9.04,USD
ORD-000741,C00095,2026-03-12T10:34:00Z,fulfilled,stripe,SPRING26,8.0,USD
ORD-000744,C00051,2025-02-26T14:24:00Z,fulfilled,stripe,,6.53,USD
ORD-000746,C00224,2024-10-29T13:03:00Z,fulfilled,store_credit,,4.41,USD
ORD-000747,C00205,2024-08-11T18:33:00Z,fulfilled,paypal,,9.33,USD
ORD-000755,C00139,2024-03-25T09:05:00Z,refunded,stripe,SPRING24,14.02,USD
ORD-000759,C00186,2025-08-24T09:09:00Z,fulfilled,paypal,,10.32,USD
ORD-000760,C00216,2025-01-07T10:25:00Z,fulfilled,paypal,,5.84,USD
ORD-000766,C00004,2025-02-02T16:46:00Z,fulfilled,stripe,,4.93,USD
ORD-000774,C00073,2025-05-25T12:47:00Z,fulfilled,stripe,,13.04,USD
ORD-000777,C00187,2025-08-05T19:55:00Z,fulfilled,stripe,,11.07,USD
ORD-000778,C00149,2025-06-24T12:22:00Z,fulfilled,stripe,SUMMER25,9.25,USD
ORD-000780,C00035,2024-08-24T11:47:00Z,fulfilled,paypal,,14.39,USD
ORD-000782,C00110,2025-02-27T09:56:00Z,fulfilled,giftcard_platform,,11.79,USD
ORD-000783,C00038,2024-08-28T18:31:00Z,fulfilled,paypal,,7.83,USD
ORD-000784,C00028,2024-11-13T19:25:00Z,fulfilled,paypal,,3.78,USD
ORD-000791,C00161,2025-09-25T10:02:00Z,cancelled,paypal,,12.52,USD
ORD-000792,C00059,2026-02-21T10:13:00Z,fulfilled,stripe,,3.99,USD
ORD-000794,C00156,2024-08-25T20:08:00Z,fulfilled,stripe,,3.62,USD
ORD-000796,C00199,2024-10-09T13:01:00Z,fulfilled,stripe,,12.94,USD
ORD-000798,C00154,2026-02-09T12:16:00Z,fulfilled,store_credit,,7.15,USD
ORD-000799,C00097,2024-02-15T17:03:00Z,fulfilled,paypal,,1.33,USD
ORD-000805,C00046,2026-01-18T09:23:00Z,cancelled,paypal,,4.97,USD
ORD-000806,C00054,2025-10-16T08:54:00Z,fulfilled,paypal,,2.91,USD
ORD-000809,C00153,2025-10-14T19:31:00Z,fulfilled,giftcard_platform,,13.75,USD
ORD-000810,C00007,2024-10-26T11:14:00Z,fulfilled,giftcard_platform,,2.92,USD
ORD-000811,C00220,2024-12-11T14:04:00Z,fulfilled,stripe,,7.8,USD
ORD-000814,C00136,2024-02-11T09:15:00Z,fulfilled,stripe,,5.14,USD
ORD-000815,C00027,2024-08-05T11:41:00Z,cancelled,giftcard_platform,,10.37,USD
ORD-000816,C00047,2025-08-01T17:45:00Z,fulfilled,giftcard_platform,,14.88,USD
ORD-000819,C00186,2024-02-01T18:28:00Z,fulfilled,store_credit,,3.31,USD
ORD-000820,C00201,2025-08-02T17:27:00Z,fulfilled,store_credit,,11.45,USD
ORD-000822,C00043,2024-10-05T18:57:00Z,fulfilled,stripe,,0.01,USD
ORD-000825,C00186,2024-10-15T14:10:00Z,fulfilled,giftcard_platform,,10.07,USD
ORD-000828,C00109,2024-03-21T17:10:00Z,fulfilled,store_credit,SPRING24,14.69,USD
ORD-000829,C00186,2024-03-17T18:34:00Z,fulfilled,store_credit,SPRING24,4.85,USD
ORD-000831,C00108,2024-07-05T09:40:00Z,fulfilled,store_credit,,5.1,USD
ORD-000833,C00169,2024-01-16T13:48:00Z,fulfilled,stripe,,3.36,USD
ORD-000834,C00019,2025-04-03T09:43:00Z,fulfilled,stripe,SPRING25,1.09,USD
ORD-000837,C00169,2025-07-11T14:28:00Z,fulfilled,store_credit,SUMMER25,6.78,USD
ORD-000845,C00217,2025-01-09T17:56:00Z,fulfilled,stripe,,3.57,USD
ORD-000847,C00015,2026-06-30T10:59:00Z,unfulfilled,store_credit,,7.6,USD
ORD-000849,C00019,2024-11-10T13:40:00Z,fulfilled,stripe,,9.64,USD
ORD-000851,C00202,2025-05-26T19:59:00Z,fulfilled,paypal,,9.65,USD
ORD-000853,C00190,2025-10-22T08:40:00Z,fulfilled,stripe,,7.79,USD
ORD-000854,C00123,2024-03-30T18:29:00Z,fulfilled,paypal,,11.2,USD
ORD-000859,C00120,2024-03-12T10:03:00Z,fulfilled,giftcard_platform,,10.78,USD
ORD-000860,C00026,2025-06-15T11:08:00Z,fulfilled,paypal,,5.96,USD
ORD-000864,C00022,2025-09-18T11:58:00Z,fulfilled,store_credit,,7.5,USD
ORD-000866,C00195,2025-04-02T10:46:00Z,refunded,stripe,,2.97,USD
ORD-000867,C00203,2026-02-21T20:18:00Z,fulfilled,giftcard_platform,,9.38,USD
ORD-000868,C00217,2024-10-20T14:08:00Z,fulfilled,paypal,,10.82,USD
ORD-000869,C00211,2025-08-05T17:22:00Z,cancelled,stripe,,3.43,USD
ORD-000872,C00104,2024-10-19T08:15:00Z,fulfilled,store_credit,,13.71,USD
ORD-000877,C00153,2025-06-28T16:43:00Z,fulfilled,stripe,,3.07,USD
ORD-000880,C00213,2025-09-17T17:32:00Z,fulfilled,giftcard_platform,,13.94,USD
ORD-000881,C00125,2024-04-14T14:58:00Z,fulfilled,stripe,SPRING24,7.28,USD
ORD-000882,C00068,2025-09-17T15:51:00Z,cancelled,giftcard_platform,,12.72,USD
ORD-000883,C00170,2025-07-07T10:06:00Z,fulfilled,stripe,,9.46,USD
ORD-000886,C00166,2025-01-24T17:05:00Z,fulfilled,stripe,,7.66,USD
ORD-000887,C00059,2025-05-03T18:40:00Z,fulfilled,paypal,,13.57,USD
ORD-000891,C00019,2025-08-12T09:27:00Z,fulfilled,stripe,,8.8,USD
ORD-000893,C00127,2025-12-18T08:58:00Z,fulfilled,stripe,,9.24,USD
ORD-000897,C00198,2025-11-30T19:03:00Z,fulfilled,giftcard_platform,BF2025,3.11,USD
ORD-000898,C00078,2025-05-12T08:03:00Z,fulfilled,paypal,,7.96,USD
ORD-000899,C00080,2024-11-30T20:27:00Z,fulfilled,paypal,,7.35,USD
ORD-000900,C00201,2024-09-05T20:23:00Z,fulfilled,stripe,,11.56,USD
ORD-000904,C00195,2024-04-23T10:03:00Z,fulfilled,paypal,,3.42,USD
ORD-000905,C00060,2024-06-28T12:08:00Z,fulfilled,paypal,,5.43,USD
ORD-000908,C00220,2024-08-22T13:54:00Z,fulfilled,stripe,,7.72,USD
ORD-000913,C00112,2024-06-28T08:01:00Z,fulfilled,stripe,SUMMER24,13.65,USD
ORD-000914,C00022,2025-07-20T12:59:00Z,fulfilled,stripe,,11.79,USD
ORD-000915,C00005,2025-11-23T20:06:00Z,fulfilled,giftcard_platform,,13.74,USD
ORD-000918,C00145,2024-07-26T12:35:00Z,fulfilled,stripe,,5.83,USD
ORD-000921,C00093,2025-08-08T13:59:00Z,fulfilled,paypal,,14.57,USD
ORD-000924,C00181,2024-01-19T19:03:00Z,fulfilled,giftcard_platform,,4.13,USD
ORD-000926,C00062,2025-10-29T16:11:00Z,fulfilled,giftcard_platform,,1.09,USD
ORD-000928,C00180,2025-08-30T13:43:00Z,fulfilled,stripe,,13.16,USD
ORD-000930,C00040,2026-02-28T19:49:00Z,fulfilled,store_credit,,9.96,USD
ORD-000931,C00112,2024-06-04T14:33:00Z,fulfilled,giftcard_platform,,6.72,USD
ORD-000932,C00014,2024-11-01T14:58:00Z,fulfilled,giftcard_platform,,13.91,USD
ORD-000933,C00145,2024-12-09T13:05:00Z,fulfilled,stripe,,8.91,USD
ORD-000939,C00025,2026-02-17T12:04:00Z,fulfilled,paypal,,13.21,USD
ORD-000940,C00212,2025-08-14T08:41:00Z,fulfilled,stripe,,8.2,USD
ORD-000946,C00044,2026-02-08T16:00:00Z,fulfilled,store_credit,,10.88,USD
ORD-000948,C00196,2024-02-21T20:49:00Z,fulfilled,store_credit,,12.87,USD
ORD-000950,C00158,2026-02-11T15:10:00Z,fulfilled,stripe,,9.38,USD
ORD-000953,C00212,2024-02-18T14:16:00Z,fulfilled,store_credit,,3.46,USD
ORD-000957,C00038,2024-05-12T10:24:00Z,fulfilled,giftcard_platform,,9.98,USD
ORD-000959,C00185,2024-08-13T11:35:00Z,fulfilled,paypal,,14.21,USD
ORD-000963,C00031,2026-06-09T12:08:00Z,unfulfilled,giftcard_platform,,1.84,USD
ORD-000967,C00034,2026-06-15T19:52:00Z,fulfilled,giftcard_platform,,10.23,USD
ORD-000973,C00216,2025-10-09T10:45:00Z,fulfilled,paypal,,8.01,USD
ORD-000974,C00131,2024-08-09T19:09:00Z,fulfilled,stripe,,11.32,USD
ORD-000975,C00104,2025-12-02T18:55:00Z,refunded,stripe,,12.32,USD
ORD-000977,C00170,2026-06-28T18:04:00Z,fulfilled,paypal,,9.96,USD
ORD-000978,C00045,2025-05-02T08:23:00Z,fulfilled,stripe,,5.52,USD
ORD-000980,C00035,2024-06-11T18:00:00Z,fulfilled,stripe,SUMMER24,2.25,USD
ORD-000983,C00007,2024-05-28T08:10:00Z,fulfilled,giftcard_platform,,12.11,USD
ORD-000987,C00158,2025-11-21T11:27:00Z,fulfilled,store_credit,,9.31,USD
ORD-000989,C00169,2024-10-03T14:16:00Z,refunded,stripe,,2.19,USD
ORD-000991,C00106,2024-11-04T16:22:00Z,fulfilled,giftcard_platform,,12.01,USD
ORD-000993,C00161,2025-06-25T19:38:00Z,fulfilled,giftcard_platform,SUMMER25,14.46,USD
ORD-000994,C00047,2025-07-09T16:23:00Z,fulfilled,giftcard_platform,SUMMER25,2.36,USD
ORD-000995,C00116,2025-02-20T11:41:00Z,fulfilled,giftcard_platform,,7.57,USD
ORD-000998,C00028,2024-01-10T10:01:00Z,fulfilled,stripe,,3.45,USD
ORD-001000,C00203,2024-06-23T11:01:00Z,cancelled,stripe,,8.1,USD
ORD-001004,C00118,2024-04-12T10:05:00Z,fulfilled,stripe,SPRING24,3.54,USD
ORD-001005,C00154,2025-05-11T12:44:00Z,fulfilled,stripe,,8.82,USD
ORD-001006,C00029,2024-07-05T10:01:00Z,fulfilled,giftcard_platform,SUMMER24,10.19,USD
ORD-001010,C00186,2024-05-25T20:38:00Z,fulfilled,stripe,,8.89,USD
ORD-001011,C00194,2026-02-26T14:13:00Z,fulfilled,store_credit,,6.03,USD
ORD-001014,C00140,2025-11-09T09:45:00Z,fulfilled,giftcard_platform,,14.87,USD
ORD-001023,C00219,2025-05-30T19:07:00Z,fulfilled,stripe,,8.12,USD
ORD-001025,C00161,2024-06-15T13:20:00Z,fulfilled,giftcard_platform,,11.07,USD
ORD-001028,C00155,2025-08-21T16:01:00Z,fulfilled,store_credit,,12.09,USD
ORD-001029,C00103,2026-06-27T08:10:00Z,fulfilled,store_credit,,13.53,USD
ORD-001031,C00115,2026-01-31T09:35:00Z,fulfilled,stripe,,0.71,USD
ORD-001032,C00092,2025-08-29T20:38:00Z,fulfilled,stripe,,8.37,USD
ORD-001033,C00053,2026-06-18T18:51:00Z,fulfilled,stripe,,0.71,USD
ORD-001035,C00048,2025-03-22T15:08:00Z,fulfilled,stripe,,1.87,USD
ORD-001036,C00079,2025-10-12T18:42:00Z,fulfilled,giftcard_platform,,4.55,USD
ORD-001041,C00219,2024-12-31T20:09:00Z,fulfilled,stripe,,12.5,USD
ORD-001043,C00047,2024-10-19T16:27:00Z,fulfilled,paypal,,6.13,USD
ORD-001044,C00049,2025-06-08T17:55:00Z,fulfilled,giftcard_platform,,7.45,USD
ORD-001046,C00060,2025-07-21T13:30:00Z,fulfilled,paypal,,2.46,USD
ORD-001047,C00071,2025-06-18T12:57:00Z,fulfilled,store_credit,SUMMER25,11.65,USD
ORD-001053,C00137,2024-09-03T20:37:00Z,fulfilled,store_credit,,14.77,USD
ORD-001054,C00011,2024-12-01T16:51:00Z,fulfilled,stripe,,13.19,USD
ORD-001055,C00177,2025-01-23T20:25:00Z,fulfilled,store_credit,,6.01,USD
ORD-001056,C00111,2025-10-03T13:34:00Z,refunded,paypal,,6.76,USD
ORD-001057,C00075,2025-08-04T10:22:00Z,fulfilled,store_credit,,0.64,USD
ORD-001060,C00001,2024-02-13T13:07:00Z,fulfilled,stripe,,0.12,USD
ORD-001062,C00169,2025-03-04T15:25:00Z,refunded,stripe,,8.55,USD
ORD-001067,C00092,2024-06-23T11:57:00Z,fulfilled,stripe,,0.11,USD
ORD-001068,C00142,2025-08-01T11:10:00Z,unfulfilled,stripe,,9.32,USD
ORD-001069,C00204,2024-07-06T10:23:00Z,fulfilled,paypal,,0.21,USD
ORD-001071,C00003,2024-03-12T17:23:00Z,fulfilled,giftcard_platform,SPRING24,9.07,USD
ORD-001073,C00182,2025-05-22T10:11:00Z,fulfilled,giftcard_platform,,11.89,USD
ORD-001078,C00113,2024-10-02T12:29:00Z,fulfilled,store_credit,,14.65,USD
ORD-001080,C00183,2025-08-10T16:26:00Z,fulfilled,stripe,,0.99,USD
ORD-001082,C00001,2026-03-07T17:05:00Z,fulfilled,stripe,SPRING26,5.77,USD
ORD-001086,C00148,2024-10-11T14:26:00Z,fulfilled,paypal,,4.25,USD
ORD-001090,C00009,2024-12-20T17:01:00Z,fulfilled,store_credit,HOLIDAY24,2.59,USD
ORD-001092,C00112,2024-09-27T16:45:00Z,fulfilled,stripe,,14.34,USD
ORD-001093,C00023,2026-05-22T18:19:00Z,fulfilled,stripe,,5.49,USD
ORD-001096,C00208,2025-05-09T12:09:00Z,fulfilled,stripe,,4.61,USD
ORD-001097,C00071,2024-09-19T17:50:00Z,fulfilled,stripe,,11.5,USD
ORD-001102,C00040,2024-02-16T20:47:00Z,fulfilled,paypal,,10.26,USD
ORD-001106,C00196,2024-05-04T14:37:00Z,fulfilled,paypal,,12.7,USD
ORD-001112,C00026,2024-05-17T11:37:00Z,fulfilled,paypal,,2.32,USD
ORD-001113,C00189,2025-01-27T08:09:00Z,fulfilled,paypal,,11.58,USD
ORD-001117,C00152,2025-12-11T08:51:00Z,fulfilled,stripe,,0.86,USD
ORD-001119,C00221,2024-12-13T13:16:00Z,fulfilled,store_credit,HOLIDAY24,3.9,USD
ORD-001121,C00104,2026-06-23T16:23:00Z,fulfilled,stripe,,0.49,USD
ORD-001124,C00113,2024-10-13T14:36:00Z,fulfilled,paypal,,11.74,USD
ORD-001126,C00077,2025-08-09T09:52:00Z,fulfilled,store_credit,,12.26,USD
ORD-001127,C00043,2025-04-08T14:41:00Z,fulfilled,paypal,SPRING25,5.34,USD
ORD-001133,C00115,2025-09-01T20:55:00Z,fulfilled,stripe,,8.79,USD
ORD-001134,C00071,2024-08-25T19:25:00Z,fulfilled,stripe,,10.02,USD
ORD-001136,C00198,2024-12-05T13:00:00Z,fulfilled,store_credit,,9.6,USD
ORD-001141,C00047,2024-06-25T10:55:00Z,refunded,giftcard_platform,SUMMER24,2.52,USD
ORD-001142,C00146,2026-05-21T10:50:00Z,fulfilled,store_credit,,0.17,USD
ORD-001143,C00213,2025-12-11T15:02:00Z,fulfilled,stripe,HOLIDAY25,14.44,USD
ORD-001147,C00223,2025-11-05T10:54:00Z,fulfilled,giftcard_platform,,1.72,USD
ORD-000085,C00147,2026-04-29T20:21:00Z,fulfilled,giftcard_platform,,7.44,USD
ORD-000576,C00120,2024-12-10T18:57:00Z,fulfilled,stripe,HOLIDAY24,6.59,USD
ORD-001057,C00075,2025-08-04T10:22:00Z,fulfilled,store_credit,,0.64,USD
