order_id,line_item_id,product_id,quantity,price,discount_pct
ORD-000001,LI-0000001,P0048,3,51.12,0
ORD-000001,LI-0000002,P0067,2,29.54,0
ORD-000001,LI-0000003,P0035,1,32.43,0
ORD-000001,LI-0000004,P0011,2,1146.62,0
ORD-000002,LI-0000005,P0056,1,150.35,0
ORD-000002,LI-0000006,P0036,2,225.69,0
ORD-000002,LI-0000007,P0008,3,2996.13,0
ORD-000006,LI-0000016,P0009,2,1582.73,0
ORD-000008,LI-0000022,P0065,3,7.33,0
ORD-000011,LI-0000031,P0041,2,241.44,0
ORD-000011,LI-0000032,P0025,2,213.64,0
ORD-000011,LI-0000033,P0021,1,97.29,0
ORD-000011,LI-0000034,P0064,3,29.37,0
ORD-000011,LI-0000035,P0066,1,5.69,0
ORD-000012,LI-0000036,P0056,1,150.35,0
ORD-000017,LI-0000053,P0023,2,94.09,0
ORD-000017,LI-0000054,P0059,3,439.09,0
ORD-000017,LI-0000055,P0069,3,8.93,0
ORD-000020,LI-0000062,P0061,1,10.99,0
ORD-000020,LI-0000063,P0013,1,48.85,0
ORD-000020,LI-0000064,P0018,2,69.15,0
ORD-000021,LI-0000065,P0023,2,94.09,0
ORD-000022,LI-0000066,P0039,3,78.19,15
ORD-000026,LI-0000075,P0062,2,24.69,0
ORD-000026,LI-0000076,P0020,3,97.29,0
ORD-000029,LI-0000083,P0070,1,34.14,0
ORD-000030,LI-0000084,P0058,1,207.1,0
ORD-000030,LI-0000085,P0049,2,392.85,0
ORD-000030,LI-0000086,P0011,3,1146.62,0
ORD-000030,LI-0000087,P0070,1,34.14,0
ORD-000031,LI-0000088,P0032,2,236.17,0
ORD-000031,LI-0000089,P0059,1,439.09,0
ORD-000032,LI-0000090,P0013,3,48.85,0
ORD-000037,LI-0000106,P0049,3,392.85,0
ORD-000037,LI-0000107,P0060,2,182.94,0
ORD-000037,LI-0000108,P0069,2,8.93,0
ORD-000039,LI-0000111,P0063,1,31.88,0
ORD-000039,LI-0000112,P0059,3,439.09,0
ORD-000039,LI-0000113,P0022,3,172.19,0
ORD-000039,LI-0000114,P0046,1,382.78,0
ORD-000043,LI-0000119,P0012,2,2689.44,0
ORD-000049,LI-0000141,P0064,2,29.37,0
ORD-000049,LI-0000142,P0026,2,,0
ORD-000051,LI-0000145,P0047,1,46.84,0
ORD-000051,LI-0000146,P0015,3,82.92,0
ORD-000051,LI-0000147,P0026,3,174.26,0
ORD-000051,LI-0000148,P0070,3,34.14,0
ORD-000056,LI-0000162,P0024,2,21.73,0
ORD-000056,LI-0000163,P0056,3,150.35,0
ORD-000057,LI-0000164,P0024,1,21.73,10
ORD-000057,LI-0000165,P0047,2,46.84,10
ORD-000057,LI-0000166,P0042,3,129.3,10
ORD-000057,LI-0000167,P0026,2,174.26,10
ORD-000057,LI-0000168,P0059,3,439.09,10
ORD-000058,LI-0000169,P0041,1,241.44,0
ORD-000058,LI-0000170,P0016,1,100.89,0
ORD-000061,LI-0000177,P0015,3,82.92,0
ORD-000061,LI-0000178,P0035,1,32.43,0
ORD-000061,LI-0000179,P0070,1,34.14,0
ORD-000061,LI-0000180,P0047,3,46.84,0
ORD-000061,LI-0000181,P0006,2,2008.25,0
ORD-000062,LI-0000182,P0045,1,471.19,0
ORD-000062,LI-0000183,P0055,3,409.44,0
ORD-000062,LI-0000184,P0022,2,172.19,0
ORD-000062,LI-0000185,P0018,1,69.15,0
ORD-000062,LI-0000186,P0027,3,251.02,0
ORD-000064,LI-0000190,P0048,2,51.12,0
ORD-000064,LI-0000191,P0059,3,439.09,0
ORD-000064,LI-0000192,P0063,2,31.88,0
ORD-000065,LI-0000193,P0044,3,283.61,12
ORD-000065,LI-0000194,P0071,2,31.09,12
ORD-000065,LI-0000195,P0017,1,133.08,12
ORD-000068,LI-0000200,P0050,3,612.91,0
ORD-000068,LI-0000201,P0012,1,2689.44,0
ORD-000069,LI-0000202,P0002,3,2146.53,0
ORD-000069,LI-0000203,P0022,2,172.19,0
ORD-000069,LI-0000204,P0057,2,249.65,0
ORD-000069,LI-0000205,P0045,1,471.19,0
ORD-000069,LI-0000206,P0028,1,187.66,0
ORD-000070,LI-0000207,P0037,3,23.27,0
ORD-000070,LI-0000208,P0004,3,1188.52,0
ORD-000070,LI-0000209,P0039,3,78.19,0
ORD-000070,LI-0000210,P0027,1,251.02,0
ORD-000070,LI-0000211,P0067,1,29.54,0
ORD-000073,LI-0000220,P0023,3,94.09,10
ORD-000073,LI-0000221,P0016,1,100.89,10
ORD-000073,LI-0000222,P0002,2,2146.53,10
ORD-000074,LI-0000223,P0043,2,16.37,0
ORD-000080,LI-0000236,P0013,3,48.85,0
ORD-000082,LI-0000241,P0012,1,2689.44,0
ORD-000084,LI-0000247,P0010,1,2396.4,10
ORD-000084,LI-0000248,P0003,2,3451.71,10
ORD-000084,LI-0000249,P0009,1,1582.73,10
ORD-000085,LI-0000250,P0055,1,409.44,0
ORD-000085,LI-0000251,P0023,2,94.09,0
ORD-000085,LI-0000252,P0046,1,382.78,0
ORD-000085,LI-0000253,P0028,3,187.66,0
ORD-000090,LI-0000261,P0042,1,129.3,0
ORD-000090,LI-0000262,P0008,3,2996.13,0
ORD-000096,LI-0000274,P0044,3,283.61,0
ORD-000098,LI-0000277,P0055,1,409.44,0
ORD-000102,LI-0000287,P0041,2,241.44,15
ORD-000102,LI-0000288,P0009,3,1582.73,15
ORD-000102,LI-0000289,P0012,2,2689.44,15
ORD-000104,LI-0000295,P0044,2,283.61,0
ORD-000107,LI-0000304,P0045,3,471.19,0
ORD-000107,LI-0000305,P0021,1,97.29,0
ORD-000107,LI-0000306,P0034,2,69.24,0
ORD-000113,LI-0000324,P0044,3,283.61,0
ORD-000113,LI-0000325,P0053,2,183.67,0
ORD-000115,LI-0000330,P0032,1,236.17,0
ORD-000116,LI-0000331,P0059,2,439.09,12
ORD-000116,LI-0000332,P0067,3,29.54,12
ORD-000116,LI-0000333,P0068,2,3.38,12
ORD-000117,LI-0000334,P0065,1,7.33,0
ORD-000118,LI-0000335,P0003,1,3451.71,0
ORD-000119,LI-0000336,P0067,2,29.54,10
ORD-000121,LI-0000341,P0066,1,5.69,0
ORD-000122,LI-0000342,P0047,3,46.84,10
ORD-000122,LI-0000343,P0041,1,,10
ORD-000122,LI-0000344,P0055,1,409.44,10
ORD-000126,LI-0000358,P0031,3,9.81,0
ORD-000126,LI-0000359,P0011,2,1146.62,0
ORD-000126,LI-0000360,P0059,1,439.09,0
ORD-000126,LI-0000361,P0057,3,249.65,0
ORD-000127,LI-0000362,P0072,1,28.47,10
ORD-000127,LI-0000363,P0027,2,251.02,10
ORD-000127,LI-0000364,P0059,3,439.09,10
ORD-000127,LI-0000365,P0044,3,283.61,10
ORD-000127,LI-0000366,P0047,3,46.84,10
ORD-000128,LI-0000367,P0014,2,138.97,10
ORD-000128,LI-0000368,P0006,3,2008.25,10
ORD-000128,LI-0000369,P0022,2,172.19,10
ORD-000129,LI-0000370,P0006,3,2008.25,0
ORD-000129,LI-0000371,P0016,3,100.89,0
ORD-000129,LI-0000372,P0058,2,,0
ORD-000129,LI-0000373,P0059,3,439.09,0
ORD-000137,LI-0000400,P0006,2,2008.25,0
ORD-000137,LI-0000401,P0042,1,129.3,0
ORD-000138,LI-0000402,P0038,3,56.28,0
ORD-000139,LI-0000403,P0055,1,409.44,15
ORD-000139,LI-0000404,P0014,3,138.97,15
ORD-000145,LI-0000413,P0010,1,2396.4,0
ORD-000145,LI-0000414,P0038,2,56.28,0
ORD-000145,LI-0000415,P0009,2,1582.73,0
ORD-000145,LI-0000416,P0033,3,78.18,0
ORD-000145,LI-0000417,P0013,2,48.85,0
ORD-000152,LI-0000436,P0047,3,46.84,0
ORD-000152,LI-0000437,P0016,2,100.89,0
ORD-000154,LI-0000443,P0019,3,172.24,0
ORD-000154,LI-0000444,P0024,2,21.73,0
ORD-000154,LI-0000445,P0066,1,5.69,0
ORD-000154,LI-0000446,P0034,2,69.24,0
ORD-000154,LI-0000447,P0022,1,172.19,0
ORD-000160,LI-0000463,P0037,1,23.27,10
ORD-000160,LI-0000464,P0008,3,2996.13,10
ORD-000160,LI-0000465,P0023,3,94.09,10
ORD-000160,LI-0000466,P0064,1,29.37,10
ORD-000160,LI-0000467,P0057,3,249.65,10
ORD-000164,LI-0000476,P0046,3,382.78,0
ORD-000164,LI-0000477,P0067,1,29.54,0
ORD-000164,LI-0000478,P0069,2,8.93,0
ORD-000164,LI-0000479,P0002,2,2146.53,0
ORD-000165,LI-0000480,P0031,1,9.81,15
ORD-000165,LI-0000481,P0034,1,69.24,15
ORD-000166,LI-0000482,P0006,3,2008.25,0
ORD-000166,LI-0000483,P0062,2,24.69,0
ORD-000166,LI-0000484,P0048,3,51.12,0
ORD-000166,LI-0000485,P0041,1,241.44,0
ORD-000166,LI-0000486,P0064,1,29.37,0
ORD-000168,LI-0000488,P0031,3,9.81,0
ORD-000168,LI-0000489,P0035,1,32.43,0
ORD-000168,LI-0000490,P0061,1,10.99,0
ORD-000171,LI-0000499,P0023,2,94.09,10
ORD-000171,LI-0000500,P0037,2,23.27,10
ORD-000171,LI-0000501,P0046,2,382.78,10
ORD-000171,LI-0000502,P0042,2,129.3,10
ORD-000171,LI-0000503,P0066,1,5.69,10
ORD-000172,LI-0000504,P0030,3,24.13,0
ORD-000172,LI-0000505,P0041,3,241.44,0
ORD-000172,LI-0000506,P0038,2,56.28,0
ORD-000176,LI-0000515,P0067,1,29.54,12
ORD-000181,LI-0000528,P0061,3,10.99,0
ORD-000181,LI-0000529,P0050,2,612.91,0
ORD-000183,LI-0000532,P0048,1,51.12,0
ORD-000183,LI-0000533,P0012,1,2689.44,0
ORD-000184,LI-0000534,P0041,3,241.44,0
ORD-000184,LI-0000535,P0072,2,28.47,0
ORD-000185,LI-0000536,P0063,2,31.88,0
ORD-000185,LI-0000537,P0025,2,213.64,0
ORD-000185,LI-0000538,P0024,3,21.73,0
ORD-000185,LI-0000539,P0070,3,34.14,0
ORD-000185,LI-0000540,P0045,3,471.19,0
ORD-000186,LI-0000541,P0047,2,46.84,0
ORD-000186,LI-0000542,P0031,3,9.81,0
ORD-000186,LI-0000543,P0042,3,129.3,0
ORD-000186,LI-0000544,P0009,2,1582.73,0
ORD-000186,LI-0000545,P0069,3,8.93,0
ORD-000187,LI-0000546,P0050,3,612.91,10
ORD-000188,LI-0000547,P0060,3,182.94,0
ORD-000190,LI-0000549,P0054,1,215.77,0
ORD-000190,LI-0000550,P0014,1,138.97,0
ORD-000190,LI-0000551,P0046,3,382.78,0
ORD-000190,LI-0000552,P0059,1,439.09,0
ORD-000190,LI-0000553,P0055,3,409.44,0
ORD-000192,LI-0000559,P0072,2,28.47,0
ORD-000192,LI-0000560,P0020,2,97.29,0
ORD-000192,LI-0000561,P0013,3,48.85,0
ORD-000192,LI-0000562,P0005,2,1435.87,0
ORD-000192,LI-0000563,P0059,1,439.09,0
ORD-000193,LI-0000564,P0039,1,78.19,0
ORD-000196,LI-0000571,P0063,3,31.88,15
ORD-000196,LI-0000572,P0051,3,408.31,15
ORD-000197,LI-0000573,P0055,2,409.44,0
ORD-000197,LI-0000574,P0047,3,46.84,0
ORD-000197,LI-0000575,P0045,2,471.19,0
ORD-000197,LI-0000576,P0025,2,213.64,0
ORD-000198,LI-0000577,P0015,3,82.92,0
ORD-000202,LI-0000585,P0040,1,20.75,0
ORD-000202,LI-0000586,P0043,2,16.37,0
ORD-000202,LI-0000587,P0063,2,31.88,0
ORD-000202,LI-0000588,P0051,3,408.31,0
ORD-000202,LI-0000589,P0021,1,97.29,0
ORD-000204,LI-0000591,P0017,1,133.08,0
ORD-000204,LI-0000592,P0027,3,251.02,0
ORD-000204,LI-0000593,P0018,1,69.15,0
ORD-000204,LI-0000594,P0070,1,34.14,0
ORD-000204,LI-0000595,P0026,3,174.26,0
ORD-000206,LI-0000599,P0030,1,24.13,0
ORD-000206,LI-0000600,P0004,3,1188.52,0
ORD-000206,LI-0000601,P0046,3,382.78,0
ORD-000206,LI-0000602,P0011,2,1146.62,0
ORD-000206,LI-0000603,P0062,1,24.69,0
ORD-000213,LI-0000619,P0031,2,9.81,0
ORD-000213,LI-0000620,P0028,3,187.66,0
ORD-000213,LI-0000621,P0061,1,10.99,0
ORD-000213,LI-0000622,P0059,2,439.09,0
ORD-000214,LI-0000623,P0039,2,78.19,0
ORD-000214,LI-0000624,P0043,1,16.37,0
ORD-000214,LI-0000625,P0012,3,2689.44,0
ORD-000214,LI-0000626,P0007,3,3465.47,0
ORD-000214,LI-0000627,P0014,3,138.97,0
ORD-000215,LI-0000628,P0071,1,31.09,10
ORD-000215,LI-0000629,P0009,2,1582.73,10
ORD-000215,LI-0000630,P0038,2,56.28,10
ORD-000215,LI-0000631,P0061,3,10.99,10
ORD-000218,LI-0000641,P0025,2,213.64,0
ORD-000218,LI-0000642,P0043,2,16.37,0
ORD-000219,LI-0000643,P0008,3,2996.13,0
ORD-000219,LI-0000644,P0067,1,29.54,0
ORD-000219,LI-0000645,P0039,2,78.19,0
ORD-000219,LI-0000646,P0041,2,241.44,0
ORD-000220,LI-0000647,P0015,2,82.92,0
ORD-000220,LI-0000648,P0040,1,20.75,0
ORD-000220,LI-0000649,P0041,2,241.44,0
ORD-000220,LI-0000650,P0005,2,1435.87,0
ORD-000220,LI-0000651,P0035,2,32.43,0
ORD-000221,LI-0000652,P0068,1,3.38,10
ORD-000221,LI-0000653,P0040,3,20.75,10
ORD-000221,LI-0000654,P0042,1,129.3,10
ORD-000221,LI-0000655,P0019,1,172.24,10
ORD-000222,LI-0000656,P0014,3,138.97,0
ORD-000232,LI-0000679,P0004,3,1188.52,0
ORD-000232,LI-0000680,P0031,3,9.81,0
ORD-000232,LI-0000681,P0056,2,150.35,0
ORD-000241,LI-0000703,P0049,1,392.85,0
ORD-000241,LI-0000704,P0041,3,241.44,0
ORD-000241,LI-0000705,P0068,2,3.38,0
ORD-000241,LI-0000706,P0006,3,2008.25,0
ORD-000244,LI-0000712,P0015,2,82.92,0
ORD-000244,LI-0000713,P0024,3,21.73,0
ORD-000247,LI-0000719,P0020,3,,0
ORD-000247,LI-0000720,P0043,3,16.37,0
ORD-000247,LI-0000721,P0051,2,408.31,0
ORD-000250,LI-0000726,P0031,2,9.81,0
ORD-000251,LI-0000727,P0044,3,283.61,0
ORD-000259,LI-0000753,P0035,1,32.43,0
ORD-000259,LI-0000754,P0026,3,174.26,0
ORD-000259,LI-0000755,P0043,1,16.37,0
ORD-000260,LI-0000756,P0071,2,31.09,0
ORD-000260,LI-0000757,P0030,1,24.13,0
ORD-000260,LI-0000758,P0012,2,2689.44,0
ORD-000260,LI-0000759,P0053,3,183.67,0
ORD-000260,LI-0000760,P0067,1,29.54,0
ORD-000266,LI-0000780,P0038,2,56.28,10
ORD-000267,LI-0000781,P0067,2,29.54,0
ORD-000267,LI-0000782,P0043,3,16.37,0
ORD-000269,LI-0000785,P0020,1,97.29,0
ORD-000269,LI-0000786,P0021,2,97.29,0
ORD-000270,LI-0000787,P0070,1,34.14,0
ORD-000270,LI-0000788,P0021,2,97.29,0
ORD-000270,LI-0000789,P0069,1,8.93,0
ORD-000270,LI-0000790,P0039,2,78.19,0
ORD-000271,LI-0000791,P0057,1,249.65,0
ORD-000271,LI-0000792,P0044,1,283.61,0
ORD-000271,LI-0000793,P0015,2,82.92,0
ORD-000271,LI-0000794,P0062,1,24.69,0
ORD-000271,LI-0000795,P0006,1,2008.25,0
ORD-000274,LI-0000804,P0060,2,182.94,0
ORD-000274,LI-0000805,P0018,1,69.15,0
ORD-000274,LI-0000806,P0026,2,174.26,0
ORD-000274,LI-0000807,P0024,2,21.73,0
ORD-000274,LI-0000808,P0049,3,392.85,0
ORD-000275,LI-0000809,P0054,3,215.77,0
ORD-000275,LI-0000810,P0023,1,94.09,0
ORD-000275,LI-0000811,P0063,2,31.88,0
ORD-000276,LI-0000812,P0048,3,51.12,10
ORD-000279,LI-0000819,P0068,2,3.38,10
ORD-000279,LI-0000820,P0069,1,8.93,10
ORD-000279,LI-0000821,P0071,1,31.09,10
ORD-000279,LI-0000822,P0015,2,82.92,10
ORD-000279,LI-0000823,P0054,1,215.77,10
ORD-000282,LI-0000827,P0024,1,21.73,0
ORD-000282,LI-0000828,P0045,3,471.19,0
ORD-000283,LI-0000829,P0002,1,2146.53,0
ORD-000283,LI-0000830,P0068,3,,0
ORD-000283,LI-0000831,P0028,3,187.66,0
ORD-000283,LI-0000832,P0025,1,213.64,0
ORD-000283,LI-0000833,P0037,3,23.27,0
ORD-000285,LI-0000838,P0038,2,56.28,0
ORD-000285,LI-0000839,P0055,2,409.44,0
ORD-000285,LI-0000840,P0025,3,213.64,0
ORD-000285,LI-0000841,P0009,1,1582.73,0
ORD-000286,LI-0000842,P0009,1,1582.73,15
ORD-000286,LI-0000843,P0047,3,46.84,15
ORD-000289,LI-0000850,P0056,1,150.35,10
ORD-000291,LI-0000855,P0037,1,23.27,0
ORD-000291,LI-0000856,P0042,1,129.3,0
ORD-000291,LI-0000857,P0008,2,2996.13,0
ORD-000293,LI-0000860,P0035,2,32.43,10
ORD-000293,LI-0000861,P0003,2,3451.71,10
ORD-000293,LI-0000862,P0061,2,10.99,10
ORD-000293,LI-0000863,P0041,3,241.44,10
ORD-000299,LI-0000885,P0068,3,3.38,0
ORD-000299,LI-0000886,P0033,2,78.18,0
ORD-000299,LI-0000887,P0064,3,29.37,0
ORD-000299,LI-0000888,P0012,3,2689.44,0
ORD-000299,LI-0000889,P0031,2,9.81,0
ORD-000305,LI-0000900,P0041,2,241.44,0
ORD-000305,LI-0000901,P0058,3,207.1,0
ORD-000305,LI-0000902,P0062,2,24.69,0
ORD-000305,LI-0000903,P0018,2,69.15,0
ORD-000313,LI-0000921,P0063,1,31.88,0
ORD-000313,LI-0000922,P0059,1,439.09,0
ORD-000313,LI-0000923,P0064,1,29.37,0
ORD-000313,LI-0000924,P0015,3,82.92,0
ORD-000313,LI-0000925,P0019,2,172.24,0
ORD-000316,LI-0000933,P0052,1,215.89,0
ORD-000316,LI-0000934,P0012,1,2689.44,0
ORD-000318,LI-0000940,P0068,1,3.38,10
ORD-000318,LI-0000941,P0011,2,1146.62,10
ORD-000318,LI-0000942,P0038,1,56.28,10
ORD-000318,LI-0000943,P0060,2,182.94,10
ORD-000318,LI-0000944,P0056,3,150.35,10
ORD-000319,LI-0000945,P0033,1,78.18,0
ORD-000319,LI-0000946,P0046,2,382.78,0
ORD-000319,LI-0000947,P0011,1,1146.62,0
ORD-000319,LI-0000948,P0065,1,7.33,0
ORD-000319,LI-0000949,P0003,3,3451.71,0
ORD-000321,LI-0000952,P0047,1,46.84,0
ORD-000321,LI-0000953,P0051,1,408.31,0
ORD-000321,LI-0000954,P0039,1,78.19,0
ORD-000325,LI-0000967,P0017,3,133.08,0
ORD-000325,LI-0000968,P0038,2,56.28,0
ORD-000325,LI-0000969,P0050,1,612.91,0
ORD-000325,LI-0000970,P0054,2,215.77,0
ORD-000326,LI-0000971,P0039,1,78.19,10
ORD-000326,LI-0000972,P0031,2,9.81,10
ORD-000326,LI-0000973,P0027,2,251.02,10
ORD-000326,LI-0000974,P0072,1,28.47,10
ORD-000327,LI-0000975,P0046,2,382.78,0
ORD-000327,LI-0000976,P0006,3,2008.25,0
ORD-000327,LI-0000977,P0072,3,28.47,0
ORD-000329,LI-0000983,P0044,1,283.61,0
ORD-000329,LI-0000984,P0037,3,23.27,0
ORD-000329,LI-0000985,P0065,2,7.33,0
ORD-000329,LI-0000986,P0022,1,172.19,0
ORD-000339,LI-0001014,P0062,2,24.69,0
ORD-000339,LI-0001015,P0040,3,20.75,0
ORD-000339,LI-0001016,P0058,1,207.1,0
ORD-000339,LI-0001017,P0044,3,283.61,0
ORD-000341,LI-0001020,P0072,1,28.47,0
ORD-000343,LI-0001026,P0070,1,34.14,0
ORD-000344,LI-0001027,P0004,2,1188.52,0
ORD-000344,LI-0001028,P0008,2,2996.13,0
ORD-000346,LI-0001034,P0027,1,251.02,0
ORD-000346,LI-0001035,P0019,2,172.24,0
ORD-000346,LI-0001036,P0048,3,51.12,0
ORD-000346,LI-0001037,P0070,1,34.14,0
ORD-000346,LI-0001038,P0022,3,172.19,0
ORD-000349,LI-0001046,P0011,3,1146.62,0
ORD-000349,LI-0001047,P0010,2,2396.4,0
ORD-000349,LI-0001048,P0069,2,8.93,0
ORD-000349,LI-0001049,P0004,3,1188.52,0
ORD-000349,LI-0001050,P0057,1,249.65,0
ORD-000350,LI-0001051,P0039,1,78.19,0
ORD-000350,LI-0001052,P0029,3,118.4,0
ORD-000350,LI-0001053,P0030,1,,0
ORD-000350,LI-0001054,P0064,3,29.37,0
ORD-000350,LI-0001055,P0047,2,46.84,0
ORD-000351,LI-0001056,P0009,2,1582.73,0
ORD-000351,LI-0001057,P0017,1,133.08,0
ORD-000352,LI-0001058,P0059,2,439.09,0
ORD-000352,LI-0001059,P0001,2,3412.97,0
ORD-000352,LI-0001060,P0055,3,409.44,0
ORD-000352,LI-0001061,P0007,2,3465.47,0
ORD-000352,LI-0001062,P0042,1,129.3,0
ORD-000354,LI-0001064,P0043,2,16.37,10
ORD-000356,LI-0001069,P0053,2,183.67,0
ORD-000356,LI-0001070,P0030,3,24.13,0
ORD-000356,LI-0001071,P0002,2,2146.53,0
ORD-000356,LI-0001072,P0059,3,439.09,0
ORD-000356,LI-0001073,P0050,2,612.91,0
ORD-000357,LI-0001074,P0066,2,5.69,0
ORD-000357,LI-0001075,P0033,3,78.18,0
ORD-000359,LI-0001079,P0026,2,174.26,0
ORD-000359,LI-0001080,P0009,2,1582.73,0
ORD-000360,LI-0001081,P0059,1,439.09,0
ORD-000362,LI-0001086,P0071,1,31.09,0
ORD-000362,LI-0001087,P0032,2,236.17,0
ORD-000362,LI-0001088,P0023,1,94.09,0
ORD-000364,LI-0001091,P0025,1,213.64,0
ORD-000364,LI-0001092,P0069,2,8.93,0
ORD-000364,LI-0001093,P0038,3,56.28,0
ORD-000364,LI-0001094,P0020,2,97.29,0
ORD-000364,LI-0001095,P0042,1,129.3,0
ORD-000365,LI-0001096,P0060,3,182.94,10
ORD-000365,LI-0001097,P0023,2,94.09,10
ORD-000365,LI-0001098,P0042,3,129.3,10
ORD-000365,LI-0001099,P0048,3,51.12,10
ORD-000365,LI-0001100,P0068,1,3.38,10
ORD-000366,LI-0001101,P0018,1,69.15,0
ORD-000369,LI-0001107,P0039,2,78.19,0
ORD-000372,LI-0001112,P0069,3,8.93,0
ORD-000372,LI-0001113,P0039,1,78.19,0
ORD-000372,LI-0001114,P0042,2,129.3,0
ORD-000372,LI-0001115,P0003,3,3451.71,0
ORD-000373,LI-0001116,P0039,3,78.19,0
ORD-000373,LI-0001117,P0012,1,2689.44,0
ORD-000373,LI-0001118,P0022,3,172.19,0
ORD-000373,LI-0001119,P0014,1,138.97,0
ORD-000374,LI-0001120,P0053,1,183.67,0
ORD-000374,LI-0001121,P0051,2,408.31,0
ORD-000374,LI-0001122,P0021,1,97.29,0
ORD-000376,LI-0001128,P0054,1,215.77,0
ORD-000376,LI-0001129,P0032,3,236.17,0
ORD-000378,LI-0001133,P0065,2,7.33,0
ORD-000378,LI-0001134,P0006,3,2008.25,0
ORD-000379,LI-0001135,P0042,2,129.3,0
ORD-000379,LI-0001136,P0060,1,182.94,0
ORD-000380,LI-0001137,P0016,1,100.89,0
ORD-000380,LI-0001138,P0069,1,8.93,0
ORD-000380,LI-0001139,P0051,1,408.31,0
ORD-000381,LI-0001140,P0050,3,612.91,15
ORD-000382,LI-0001141,P0054,1,215.77,0
ORD-000385,LI-0001144,P0053,3,183.67,0
ORD-000385,LI-0001145,P0039,1,78.19,0
ORD-000386,LI-0001146,P0062,1,24.69,10
ORD-000386,LI-0001147,P0009,3,1582.73,10
ORD-000386,LI-0001148,P0043,3,16.37,10
ORD-000388,LI-0001151,P0006,3,2008.25,0
ORD-000388,LI-0001152,P0067,1,29.54,0
ORD-000388,LI-0001153,P0054,3,215.77,0
ORD-000389,LI-0001154,P0067,3,,0
ORD-000389,LI-0001155,P0042,2,129.3,0
ORD-000389,LI-0001156,P0024,1,21.73,0
ORD-000389,LI-0001157,P0057,1,249.65,0
ORD-000391,LI-0001160,P0065,1,7.33,10
ORD-000391,LI-0001161,P0056,2,150.35,10
ORD-000391,LI-0001162,P0020,2,97.29,10
ORD-000391,LI-0001163,P0062,1,24.69,10
ORD-000395,LI-0001174,P0055,2,409.44,0
ORD-000395,LI-0001175,P0022,2,172.19,0
ORD-000396,LI-0001176,P0045,3,471.19,0
ORD-000396,LI-0001177,P0019,1,172.24,0
ORD-000396,LI-0001178,P0035,1,32.43,0
ORD-000396,LI-0001179,P0027,3,251.02,0
ORD-000396,LI-0001180,P0051,2,408.31,0
ORD-000397,LI-0001181,P0028,3,187.66,0
ORD-000397,LI-0001182,P0024,1,21.73,0
ORD-000397,LI-0001183,P0026,2,174.26,0
ORD-000397,LI-0001184,P0008,3,2996.13,0
ORD-000398,LI-0001185,P0013,1,48.85,0
ORD-000398,LI-0001186,P0002,1,2146.53,0
ORD-000398,LI-0001187,P0008,3,2996.13,0
ORD-000398,LI-0001188,P0035,2,32.43,0
ORD-000409,LI-0001215,P0051,3,408.31,0
ORD-000409,LI-0001216,P0013,3,48.85,0
ORD-000409,LI-0001217,P0017,1,133.08,0
ORD-000409,LI-0001218,P0042,2,129.3,0
ORD-000409,LI-0001219,P0007,1,3465.47,0
ORD-000412,LI-0001226,P0062,2,24.69,0
ORD-000412,LI-0001227,P0036,3,225.69,0
ORD-000412,LI-0001228,P0013,3,48.85,0
ORD-000412,LI-0001229,P0024,2,21.73,0
ORD-000412,LI-0001230,P0050,3,612.91,0
ORD-000413,LI-0001231,P0016,2,100.89,0
ORD-000413,LI-0001232,P0027,1,251.02,0
ORD-000413,LI-0001233,P0024,3,21.73,0
ORD-000413,LI-0001234,P0001,1,3412.97,0
ORD-000413,LI-0001235,P0072,2,28.47,0
ORD-000417,LI-0001243,P0041,2,241.44,0
ORD-000417,LI-0001244,P0056,3,150.35,0
ORD-000418,LI-0001245,P0019,1,172.24,0
ORD-000418,LI-0001246,P0029,1,118.4,0
ORD-000418,LI-0001247,P0036,1,225.69,0
ORD-000420,LI-0001253,P0032,1,236.17,0
ORD-000420,LI-0001254,P0054,2,215.77,0
ORD-000420,LI-0001255,P0059,3,439.09,0
ORD-000422,LI-0001257,P0066,3,5.69,10
ORD-000422,LI-0001258,P0018,3,69.15,10
ORD-000422,LI-0001259,P0062,3,24.69,10
ORD-000422,LI-0001260,P0064,1,29.37,10
ORD-000427,LI-0001276,P0071,2,31.09,0
ORD-000427,LI-0001277,P0064,3,29.37,0
ORD-000427,LI-0001278,P0017,2,133.08,0
ORD-000427,LI-0001279,P0042,1,129.3,0
ORD-000431,LI-0001288,P0024,1,,15
ORD-000432,LI-0001289,P0047,1,46.84,0
ORD-000432,LI-0001290,P0043,3,16.37,0
ORD-000432,LI-0001291,P0039,1,78.19,0
ORD-000432,LI-0001292,P0015,3,82.92,0
ORD-000437,LI-0001305,P0006,1,2008.25,0
ORD-000437,LI-0001306,P0019,1,172.24,0
ORD-000437,LI-0001307,P0036,1,225.69,0
ORD-000438,LI-0001308,P0053,2,183.67,0
ORD-000438,LI-0001309,P0038,3,56.28,0
ORD-000441,LI-0001313,P0037,2,23.27,0
ORD-000441,LI-0001314,P0003,1,3451.71,0
ORD-000442,LI-0001315,P0018,1,69.15,0
ORD-000442,LI-0001316,P0002,1,2146.53,0
ORD-000442,LI-0001317,P0013,3,48.85,0
ORD-000442,LI-0001318,P0049,1,392.85,0
ORD-000442,LI-0001319,P0050,1,612.91,0
ORD-000444,LI-0001322,P0014,1,,0
ORD-000444,LI-0001323,P0066,1,5.69,0
ORD-000444,LI-0001324,P0054,2,215.77,0
ORD-000445,LI-0001325,P0029,1,118.4,0
ORD-000448,LI-0001332,P0043,2,16.37,0
ORD-000448,LI-0001333,P0018,3,69.15,0
ORD-000448,LI-0001334,P0032,3,236.17,0
ORD-000448,LI-0001335,P0050,1,612.91,0
ORD-000451,LI-0001343,P0068,2,3.38,0
ORD-000451,LI-0001344,P0039,2,78.19,0
ORD-000452,LI-0001345,P0051,2,408.31,0
ORD-000454,LI-0001351,P0043,3,16.37,0
ORD-000454,LI-0001352,P0004,1,1188.52,0
ORD-000454,LI-0001353,P0031,2,9.81,0
ORD-000454,LI-0001354,P0037,1,23.27,0
ORD-000454,LI-0001355,P0021,1,97.29,0
ORD-000455,LI-0001356,P0037,1,23.27,10
ORD-000455,LI-0001357,P0051,2,408.31,10
ORD-000455,LI-0001358,P0065,1,7.33,10
ORD-000462,LI-0001379,P0015,3,82.92,0
ORD-000462,LI-0001380,P0036,2,225.69,0
ORD-000462,LI-0001381,P0059,1,439.09,0
ORD-000462,LI-0001382,P0005,1,1435.87,0
ORD-000465,LI-0001388,P0019,2,172.24,15
ORD-000465,LI-0001389,P0042,2,129.3,15
ORD-000465,LI-0001390,P0041,1,241.44,15
ORD-000465,LI-0001391,P0002,3,2146.53,15
ORD-000465,LI-0001392,P0020,3,97.29,15
ORD-000482,LI-0001428,P0072,2,28.47,10
ORD-000482,LI-0001429,P0009,1,1582.73,10
ORD-000484,LI-0001433,P0037,3,23.27,0
ORD-000484,LI-0001434,P0017,1,133.08,0
ORD-000484,LI-0001435,P0052,1,215.89,0
ORD-000484,LI-0001436,P0005,1,1435.87,0
ORD-000485,LI-0001437,P0051,2,408.31,10
ORD-000492,LI-0001449,P0060,3,182.94,10
ORD-000492,LI-0001450,P0014,1,138.97,10
ORD-000494,LI-0001453,P0036,1,225.69,0
ORD-000494,LI-0001454,P0068,3,3.38,0
ORD-000494,LI-0001455,P0064,1,29.37,0
ORD-000494,LI-0001456,P0067,1,29.54,0
ORD-000494,LI-0001457,P0056,3,150.35,0
ORD-000495,LI-0001458,P0064,1,29.37,0
ORD-000495,LI-0001459,P0027,2,251.02,0
ORD-000495,LI-0001460,P0022,2,172.19,0
ORD-000498,LI-0001463,P0013,3,48.85,0
ORD-000498,LI-0001464,P0039,2,78.19,0
ORD-000503,LI-0001476,P0045,3,471.19,0
ORD-000503,LI-0001477,P0037,3,23.27,0
ORD-000504,LI-0001478,P0046,2,382.78,10
ORD-000504,LI-0001479,P0032,1,236.17,10
ORD-000504,LI-0001480,P0050,2,612.91,10
ORD-000504,LI-0001481,P0055,1,409.44,10
ORD-000506,LI-0001483,P0060,2,182.94,0
ORD-000506,LI-0001484,P0046,2,382.78,0
ORD-000506,LI-0001485,P0055,3,409.44,0
ORD-000508,LI-0001491,P0027,3,251.02,0
ORD-000509,LI-0001492,P0063,3,31.88,0
ORD-000510,LI-0001493,P0057,2,249.65,0
ORD-000510,LI-0001494,P0051,1,408.31,0
ORD-000510,LI-0001495,P0008,3,2996.13,0
ORD-000510,LI-0001496,P0016,3,100.89,0
ORD-000510,LI-0001497,P0039,3,78.19,0
ORD-000511,LI-0001498,P0026,3,174.26,0
ORD-000511,LI-0001499,P0061,3,10.99,0
ORD-000511,LI-0001500,P0062,2,24.69,0
ORD-000511,LI-0001501,P0038,1,56.28,0
ORD-000511,LI-0001502,P0013,2,48.85,0
ORD-000514,LI-0001509,P0045,1,471.19,0
ORD-000514,LI-0001510,P0052,3,215.89,0
ORD-000514,LI-0001511,P0009,1,1582.73,0
ORD-000515,LI-0001512,P0050,1,612.91,0
ORD-000515,LI-0001513,P0054,2,215.77,0
ORD-000517,LI-0001519,P0044,1,283.61,0
ORD-000519,LI-0001522,P0033,1,78.18,0
ORD-000519,LI-0001523,P0050,1,612.91,0
ORD-000519,LI-0001524,P0046,1,382.78,0
ORD-000524,LI-0001537,P0032,1,236.17,0
ORD-000525,LI-0001538,P0062,3,24.69,0
ORD-000525,LI-0001539,P0016,3,100.89,0
ORD-000525,LI-0001540,P0010,2,2396.4,0
ORD-000525,LI-0001541,P0033,1,78.18,0
ORD-000527,LI-0001543,P0027,1,251.02,0
ORD-000527,LI-0001544,P0016,3,100.89,0
ORD-000527,LI-0001545,P0048,1,51.12,0
ORD-000527,LI-0001546,P0019,1,172.24,0
ORD-000527,LI-0001547,P0005,3,1435.87,0
ORD-000528,LI-0001548,P0027,1,251.02,0
ORD-000528,LI-0001549,P0049,3,392.85,0
ORD-000531,LI-0001557,P0002,1,2146.53,0
ORD-000531,LI-0001558,P0016,1,100.89,0
ORD-000531,LI-0001559,P0040,2,20.75,0
ORD-000531,LI-0001560,P0042,2,129.3,0
ORD-000531,LI-0001561,P0034,3,69.24,0
ORD-000532,LI-0001562,P0034,1,69.24,0
ORD-000532,LI-0001563,P0064,1,29.37,0
ORD-000532,LI-0001564,P0017,3,133.08,0
ORD-000533,LI-0001565,P0034,2,,0
ORD-000535,LI-0001567,P0053,2,183.67,0
ORD-000535,LI-0001568,P0048,1,51.12,0
ORD-000535,LI-0001569,P0061,2,10.99,0
ORD-000538,LI-0001577,P0030,2,24.13,0
ORD-000538,LI-0001578,P0017,3,133.08,0
ORD-000538,LI-0001579,P0069,2,8.93,0
ORD-000538,LI-0001580,P0032,2,236.17,0
ORD-000543,LI-0001595,P0037,3,23.27,0
ORD-000543,LI-0001596,P0034,1,69.24,0
ORD-000547,LI-0001607,P0012,3,2689.44,0
ORD-000547,LI-0001608,P0067,1,29.54,0
ORD-000548,LI-0001609,P0045,3,471.19,0
ORD-000548,LI-0001610,P0062,1,24.69,0
ORD-000549,LI-0001611,P0013,2,48.85,0
ORD-000549,LI-0001612,P0029,2,118.4,0
ORD-000549,LI-0001613,P0015,3,82.92,0
ORD-000552,LI-0001624,P0030,2,24.13,0
ORD-000552,LI-0001625,P0038,3,56.28,0
ORD-000552,LI-0001626,P0021,1,97.29,0
ORD-000552,LI-0001627,P0048,1,51.12,0
ORD-000553,LI-0001628,P0005,3,1435.87,15
ORD-000553,LI-0001629,P0035,2,32.43,15
ORD-000554,LI-0001630,P0020,2,97.29,0
ORD-000554,LI-0001631,P0013,3,48.85,0
ORD-000554,LI-0001632,P0051,2,408.31,0
ORD-000554,LI-0001633,P0025,1,213.64,0
ORD-000554,LI-0001634,P0040,3,20.75,0
ORD-000555,LI-0001635,P0003,3,3451.71,0
ORD-000555,LI-0001636,P0064,2,29.37,0
ORD-000555,LI-0001637,P0051,1,408.31,0
ORD-000555,LI-0001638,P0048,1,51.12,0
ORD-000560,LI-0001651,P0061,2,10.99,0
ORD-000560,LI-0001652,P0060,3,182.94,0
ORD-000560,LI-0001653,P0027,1,251.02,0
ORD-000561,LI-0001654,P0026,3,174.26,0
ORD-000561,LI-0001655,P0013,1,48.85,0
ORD-000562,LI-0001656,P0037,2,23.27,0
ORD-000562,LI-0001657,P0055,2,409.44,0
ORD-000562,LI-0001658,P0040,3,20.75,0
ORD-000565,LI-0001667,P0072,3,28.47,0
ORD-000565,LI-0001668,P0057,2,249.65,0
ORD-000565,LI-0001669,P0063,1,31.88,0
ORD-000565,LI-0001670,P0033,2,78.18,0
ORD-000567,LI-0001672,P0036,3,225.69,0
ORD-000568,LI-0001673,P0063,1,31.88,0
ORD-000568,LI-0001674,P0023,1,94.09,0
ORD-000568,LI-0001675,P0061,3,10.99,0
ORD-000568,LI-0001676,P0070,3,34.14,0
ORD-000571,LI-0001685,P0024,3,21.73,0
ORD-000573,LI-0001689,P0046,2,382.78,0
ORD-000573,LI-0001690,P0047,3,46.84,0
ORD-000573,LI-0001691,P0045,1,471.19,0
ORD-000573,LI-0001692,P0067,3,29.54,0
ORD-000575,LI-0001698,P0021,2,97.29,0
ORD-000576,LI-0001699,P0059,2,439.09,12
ORD-000576,LI-0001700,P0056,3,150.35,12
ORD-000576,LI-0001701,P0052,3,215.89,12
ORD-000576,LI-0001702,P0061,1,10.99,12
ORD-000576,LI-0001703,P0032,1,236.17,12
ORD-000578,LI-0001709,P0020,2,,0
ORD-000578,LI-0001710,P0072,1,28.47,0
ORD-000579,LI-0001711,P0050,1,612.91,0
ORD-000580,LI-0001712,P0045,2,471.19,0
ORD-000582,LI-0001718,P0045,3,471.19,0
ORD-000584,LI-0001723,P0034,3,69.24,0
ORD-000584,LI-0001724,P0026,2,174.26,0
ORD-000584,LI-0001725,P0066,2,5.69,0
ORD-000585,LI-0001726,P0070,2,34.14,0
ORD-000587,LI-0001729,P0010,2,2396.4,0
ORD-000590,LI-0001737,P0013,3,48.85,0
ORD-000590,LI-0001738,P0029,1,118.4,0
ORD-000590,LI-0001739,P0003,3,3451.71,0
ORD-000592,LI-0001743,P0048,3,51.12,0
ORD-000592,LI-0001744,P0039,1,78.19,0
ORD-000592,LI-0001745,P0038,1,56.28,0
ORD-000592,LI-0001746,P0041,3,241.44,0
ORD-000592,LI-0001747,P0058,1,207.1,0
ORD-000594,LI-0001749,P0054,2,215.77,0
ORD-000594,LI-0001750,P0036,3,225.69,0
ORD-000602,LI-0001777,P0030,3,24.13,0
ORD-000602,LI-0001778,P0004,3,,0
ORD-000602,LI-0001779,P0028,2,187.66,0
ORD-000604,LI-0001783,P0064,3,29.37,10
ORD-000604,LI-0001784,P0059,3,439.09,10
ORD-000604,LI-0001785,P0002,3,2146.53,10
ORD-000610,LI-0001798,P0024,2,21.73,0
ORD-000610,LI-0001799,P0025,2,213.64,0
ORD-000610,LI-0001800,P0014,2,138.97,0
ORD-000610,LI-0001801,P0030,2,24.13,0
ORD-000610,LI-0001802,P0028,1,187.66,0
ORD-000611,LI-0001803,P0061,2,10.99,0
ORD-000611,LI-0001804,P0054,2,215.77,0
ORD-000611,LI-0001805,P0035,2,32.43,0
ORD-000611,LI-0001806,P0030,2,24.13,0
ORD-000611,LI-0001807,P0034,2,69.24,0
ORD-000614,LI-0001815,P0010,3,2396.4,0
ORD-000614,LI-0001816,P0042,1,129.3,0
ORD-000615,LI-0001817,P0003,3,3451.71,0
ORD-000615,LI-0001818,P0018,2,69.15,0
ORD-000615,LI-0001819,P0009,2,1582.73,0
ORD-000616,LI-0001820,P0033,1,78.18,10
ORD-000616,LI-0001821,P0003,2,3451.71,10
ORD-000616,LI-0001822,P0018,2,69.15,10
ORD-000619,LI-0001831,P0042,2,129.3,0
ORD-000619,LI-0001832,P0069,1,8.93,0
ORD-000623,LI-0001840,P0054,1,215.77,0
ORD-000623,LI-0001841,P0025,2,213.64,0
ORD-000623,LI-0001842,P0027,3,251.02,0
ORD-000624,LI-0001843,P0056,3,150.35,10
ORD-000626,LI-0001845,P0048,2,51.12,0
ORD-000626,LI-0001846,P0054,3,215.77,0
ORD-000626,LI-0001847,P0021,3,97.29,0
ORD-000629,LI-0001855,P0026,1,174.26,0
ORD-000629,LI-0001856,P0017,3,133.08,0
ORD-000629,LI-0001857,P0029,2,118.4,0
ORD-000629,LI-0001858,P0066,3,5.69,0
ORD-000629,LI-0001859,P0019,1,172.24,0
ORD-000630,LI-0001860,P0042,2,129.3,0
ORD-000630,LI-0001861,P0055,3,409.44,0
ORD-000635,LI-0001875,P0055,2,409.44,0
ORD-000635,LI-0001876,P0026,3,174.26,0
ORD-000635,LI-0001877,P0036,2,225.69,0
ORD-000635,LI-0001878,P0007,1,3465.47,0
ORD-000635,LI-0001879,P0052,2,,0
ORD-000637,LI-0001882,P0016,1,100.89,15
ORD-000637,LI-0001883,P0020,2,,15
ORD-000637,LI-0001884,P0027,1,251.02,15
ORD-000637,LI-0001885,P0057,3,249.65,15
ORD-000638,LI-0001886,P0044,2,283.61,0
ORD-000643,LI-0001899,P0046,2,382.78,0
ORD-000643,LI-0001900,P0032,2,236.17,0
ORD-000643,LI-0001901,P0036,3,225.69,0
ORD-000646,LI-0001910,P0034,2,69.24,0
ORD-000646,LI-0001911,P0019,2,172.24,0
ORD-000646,LI-0001912,P0044,3,283.61,0
ORD-000646,LI-0001913,P0069,2,8.93,0
ORD-000649,LI-0001921,P0071,2,31.09,0
ORD-000649,LI-0001922,P0029,1,118.4,0
ORD-000649,LI-0001923,P0060,2,182.94,0
ORD-000650,LI-0001924,P0009,1,1582.73,10
ORD-000650,LI-0001925,P0046,2,382.78,10
ORD-000652,LI-0001929,P0025,3,213.64,0
ORD-000652,LI-0001930,P0032,1,236.17,0
ORD-000654,LI-0001935,P0008,3,2996.13,0
ORD-000655,LI-0001936,P0048,1,51.12,0
ORD-000655,LI-0001937,P0009,2,1582.73,0
ORD-000655,LI-0001938,P0023,3,94.09,0
ORD-000655,LI-0001939,P0025,3,213.64,0
ORD-000655,LI-0001940,P0064,1,29.37,0
ORD-000658,LI-0001946,P0012,2,2689.44,0
ORD-000658,LI-0001947,P0042,3,129.3,0
ORD-000658,LI-0001948,P0068,2,3.38,0
ORD-000658,LI-0001949,P0069,1,8.93,0
ORD-000658,LI-0001950,P0067,3,29.54,0
ORD-000660,LI-0001954,P0007,3,3465.47,15
ORD-000660,LI-0001955,P0056,3,150.35,15
ORD-000660,LI-0001956,P0066,1,5.69,15
ORD-000660,LI-0001957,P0068,1,3.38,15
ORD-000660,LI-0001958,P0023,3,94.09,15
ORD-000661,LI-0001959,P0038,1,56.28,0
ORD-000673,LI-0001997,P0041,1,241.44,0
ORD-000673,LI-0001998,P0068,1,3.38,0
ORD-000673,LI-0001999,P0005,1,1435.87,0
ORD-000673,LI-0002000,P0013,1,48.85,0
ORD-000674,LI-0002001,P0061,2,10.99,0
ORD-000674,LI-0002002,P0044,3,283.61,0
ORD-000674,LI-0002003,P0023,1,94.09,0
ORD-000674,LI-0002004,P0038,1,56.28,0
ORD-000676,LI-0002006,P0024,2,21.73,0
ORD-000676,LI-0002007,P0058,2,207.1,0
ORD-000676,LI-0002008,P0003,1,3451.71,0
ORD-000676,LI-0002009,P0063,3,31.88,0
ORD-000676,LI-0002010,P0045,1,471.19,0
ORD-000678,LI-0002015,P0071,3,,0
ORD-000678,LI-0002016,P0005,3,,0
ORD-000678,LI-0002017,P0017,2,133.08,0
ORD-000679,LI-0002018,P0053,3,183.67,0
ORD-000679,LI-0002019,P0044,1,283.61,0
ORD-000679,LI-0002020,P0017,2,133.08,0
ORD-000679,LI-0002021,P0045,2,471.19,0
ORD-000683,LI-0002026,P0061,3,10.99,0
ORD-000683,LI-0002027,P0037,1,23.27,0
ORD-000684,LI-0002028,P0025,1,213.64,15
ORD-000685,LI-0002029,P0045,1,471.19,0
ORD-000685,LI-0002030,P0031,3,9.81,0
ORD-000685,LI-0002031,P0068,1,3.38,0
ORD-000689,LI-0002040,P0021,1,97.29,15
ORD-000689,LI-0002041,P0039,3,78.19,15
ORD-000689,LI-0002042,P0071,2,31.09,15
ORD-000689,LI-0002043,P0036,1,225.69,15
ORD-000694,LI-0002054,P0042,2,129.3,0
ORD-000696,LI-0002060,P0057,2,249.65,0
ORD-000696,LI-0002061,P0041,3,241.44,0
ORD-000696,LI-0002062,P0014,1,138.97,0
ORD-000696,LI-0002063,P0036,2,225.69,0
ORD-000696,LI-0002064,P0059,1,439.09,0
ORD-000697,LI-0002065,P0023,2,94.09,0
ORD-000697,LI-0002066,P0042,3,129.3,0
ORD-000697,LI-0002067,P0005,3,1435.87,0
ORD-000697,LI-0002068,P0037,3,23.27,0
ORD-000698,LI-0002069,P0046,2,382.78,0
ORD-000698,LI-0002070,P0044,1,283.61,0
ORD-000698,LI-0002071,P0011,3,1146.62,0
ORD-000699,LI-0002072,P0030,3,24.13,10
ORD-000699,LI-0002073,P0031,1,9.81,10
ORD-000699,LI-0002074,P0008,3,2996.13,10
ORD-000703,LI-0002080,P0024,1,21.73,25
ORD-000703,LI-0002081,P0015,1,82.92,25
ORD-000705,LI-0002086,P0032,1,236.17,0
ORD-000705,LI-0002087,P0010,3,2396.4,0
ORD-000705,LI-0002088,P0014,1,138.97,0
ORD-000706,LI-0002089,P0048,3,51.12,0
ORD-000706,LI-0002090,P0010,1,2396.4,0
ORD-000706,LI-0002091,P0036,2,225.69,0
ORD-000706,LI-0002092,P0054,2,215.77,0
ORD-000707,LI-0002093,P0012,3,2689.44,0
ORD-000709,LI-0002096,P0026,1,174.26,0
ORD-000709,LI-0002097,P0035,1,32.43,0
ORD-000709,LI-0002098,P0004,1,1188.52,0
ORD-000709,LI-0002099,P0025,2,213.64,0
ORD-000710,LI-0002100,P0070,3,34.14,12
ORD-000710,LI-0002101,P0021,3,97.29,12
ORD-000710,LI-0002102,P0048,2,51.12,12
ORD-000710,LI-0002103,P0071,2,31.09,12
ORD-000711,LI-0002104,P0012,2,2689.44,0
ORD-000711,LI-0002105,P0033,2,78.18,0
ORD-000711,LI-0002106,P0018,3,69.15,0
ORD-000711,LI-0002107,P0043,1,16.37,0
ORD-000715,LI-0002118,P0016,1,100.89,15
ORD-000715,LI-0002119,P0055,2,409.44,15
ORD-000715,LI-0002120,P0046,2,382.78,15
ORD-000715,LI-0002121,P0052,2,215.89,15
ORD-000717,LI-0002126,P0005,3,1435.87,0
ORD-000717,LI-0002127,P0042,1,129.3,0
ORD-000717,LI-0002128,P0040,1,,0
ORD-000717,LI-0002129,P0071,1,31.09,0
ORD-000720,LI-0002139,P0003,1,3451.71,0
ORD-000720,LI-0002140,P0068,1,3.38,0
ORD-000720,LI-0002141,P0048,3,51.12,0
ORD-000720,LI-0002142,P0070,1,34.14,0
ORD-000729,LI-0002168,P0062,2,24.69,0
ORD-000729,LI-0002169,P0035,3,32.43,0
ORD-000729,LI-0002170,P0059,1,439.09,0
ORD-000729,LI-0002171,P0069,3,8.93,0
ORD-000732,LI-0002179,P0020,3,97.29,0
ORD-000732,LI-0002180,P0003,1,3451.71,0
ORD-000736,LI-0002191,P0058,3,207.1,0
ORD-000737,LI-0002192,P0045,2,471.19,0
ORD-000737,LI-0002193,P0030,2,24.13,0
ORD-000737,LI-0002194,P0035,1,32.43,0
ORD-000739,LI-0002196,P0022,1,172.19,0
ORD-000739,LI-0002197,P0067,3,29.54,0
ORD-000739,LI-0002198,P0009,3,1582.73,0
ORD-000740,LI-0002199,P0009,1,1582.73,0
ORD-000741,LI-0002200,P0032,2,236.17,10
ORD-000741,LI-0002201,P0002,2,2146.53,10
ORD-000744,LI-0002212,P0058,3,207.1,0
ORD-000744,LI-0002213,P0018,2,69.15,0
ORD-000746,LI-0002216,P0071,2,31.09,0
ORD-000746,LI-0002217,P0062,3,24.69,0
ORD-000746,LI-0002218,P0006,1,2008.25,0
ORD-000746,LI-0002219,P0009,3,1582.73,0
ORD-000746,LI-0002220,P0046,1,382.78,0
ORD-000747,LI-0002221,P0048,3,51.12,0
ORD-000747,LI-0002222,P0007,2,3465.47,0
ORD-000747,LI-0002223,P0067,2,29.54,0
ORD-000755,LI-0002240,P0007,2,3465.47,10
ORD-000755,LI-0002241,P0001,1,3412.97,10
ORD-000759,LI-0002252,P0031,3,9.81,0
ORD-000759,LI-0002253,P0062,3,24.69,0
ORD-000759,LI-0002254,P0056,3,150.35,0
ORD-000759,LI-0002255,P0053,3,183.67,0
ORD-000759,LI-0002256,P0016,2,100.89,0
ORD-000760,LI-0002257,P0060,1,182.94,0
ORD-000760,LI-0002258,P0051,3,408.31,0
ORD-000760,LI-0002259,P0042,2,129.3,0
ORD-000760,LI-0002260,P0058,3,207.1,0
ORD-000766,LI-0002277,P0062,1,24.69,0
ORD-000766,LI-0002278,P0003,3,3451.71,0
ORD-000774,LI-0002297,P0013,2,48.85,0
ORD-000774,LI-0002298,P0047,1,46.84,0
ORD-000774,LI-0002299,P0015,3,82.92,0
ORD-000774,LI-0002300,P0034,1,69.24,0
ORD-000774,LI-0002301,P0043,2,16.37,0
ORD-000777,LI-0002308,P0031,3,9.81,0
ORD-000777,LI-0002309,P0053,1,183.67,0
ORD-000777,LI-0002310,P0001,1,3412.97,0
ORD-000777,LI-0002311,P0067,1,29.54,0
ORD-000777,LI-0002312,P0035,2,32.43,0
ORD-000778,LI-0002313,P0054,2,215.77,15
ORD-000780,LI-0002315,P0001,1,3412.97,0
ORD-000780,LI-0002316,P0027,2,251.02,0
ORD-000780,LI-0002317,P0015,3,82.92,0
ORD-000780,LI-0002318,P0002,1,2146.53,0
ORD-000780,LI-0002319,P0053,2,183.67,0
ORD-000782,LI-0002324,P0009,2,1582.73,0
ORD-000782,LI-0002325,P0059,2,439.09,0
ORD-000782,LI-0002326,P0045,2,471.19,0
ORD-000782,LI-0002327,P0039,2,78.19,0
ORD-000782,LI-0002328,P0029,1,,0
ORD-000783,LI-0002329,P0035,3,32.43,0
ORD-000784,LI-0002330,P0072,1,28.47,0
ORD-000784,LI-0002331,P0068,3,,0
ORD-000791,LI-0002349,P0020,2,,0
ORD-000791,LI-0002350,P0009,2,1582.73,0
ORD-000791,LI-0002351,P0021,1,97.29,0
ORD-000791,LI-0002352,P0061,2,10.99,0
ORD-000792,LI-0002353,P0072,3,28.47,0
ORD-000792,LI-0002354,P0068,3,3.38,0
ORD-000792,LI-0002355,P0043,2,16.37,0
ORD-000792,LI-0002356,P0058,3,207.1,0
ORD-000792,LI-0002357,P0021,2,97.29,0
ORD-000794,LI-0002363,P0011,2,1146.62,0
ORD-000794,LI-0002364,P0044,3,283.61,0
ORD-000794,LI-0002365,P0068,1,3.38,0
ORD-000794,LI-0002366,P0069,2,8.93,0
ORD-000794,LI-0002367,P0012,1,2689.44,0
ORD-000796,LI-0002369,P0011,2,1146.62,0
ORD-000798,LI-0002373,P0067,2,29.54,0
ORD-000798,LI-0002374,P0010,1,2396.4,0
ORD-000798,LI-0002375,P0020,2,97.29,0
ORD-000798,LI-0002376,P0023,2,94.09,0
ORD-000799,LI-0002377,P0036,3,225.69,0
ORD-000799,LI-0002378,P0068,2,3.38,0
ORD-000799,LI-0002379,P0020,2,97.29,0
ORD-000799,LI-0002380,P0052,2,215.89,0
ORD-000799,LI-0002381,P0049,1,392.85,0
ORD-000805,LI-0002402,P0060,3,182.94,0
ORD-000805,LI-0002403,P0008,1,2996.13,0
ORD-000806,LI-0002404,P0033,1,78.18,0
ORD-000806,LI-0002405,P0041,1,241.44,0
ORD-000806,LI-0002406,P0016,3,100.89,0
ORD-000806,LI-0002407,P0051,2,408.31,0
ORD-000806,LI-0002408,P0029,1,118.4,0
ORD-000809,LI-0002415,P0028,1,187.66,0
ORD-000809,LI-0002416,P0051,3,408.31,0
ORD-000809,LI-0002417,P0048,1,51.12,0
ORD-000809,LI-0002418,P0045,3,471.19,0
ORD-000809,LI-0002419,P0018,2,69.15,0
ORD-000810,LI-0002420,P0028,1,187.66,0
ORD-000810,LI-0002421,P0065,2,7.33,0
ORD-000811,LI-0002422,P0006,1,2008.25,0
ORD-000811,LI-0002423,P0047,2,46.84,0
ORD-000811,LI-0002424,P0003,3,3451.71,0
ORD-000811,LI-0002425,P0044,3,283.61,0
ORD-000814,LI-0002433,P0062,3,24.69,0
ORD-000814,LI-0002434,P0071,1,31.09,0
ORD-000815,LI-0002435,P0007,3,3465.47,0
ORD-000816,LI-0002436,P0022,3,172.19,0
ORD-000816,LI-0002437,P0052,3,215.89,0
ORD-000816,LI-0002438,P0054,3,215.77,0
ORD-000816,LI-0002439,P0049,2,392.85,0
ORD-000816,LI-0002440,P0038,3,56.28,0
ORD-000819,LI-0002445,P0047,1,46.84,0
ORD-000819,LI-0002446,P0032,2,236.17,0
ORD-000819,LI-0002447,P0067,2,29.54,0
ORD-000819,LI-0002448,P0018,3,69.15,0
ORD-000819,LI-0002449,P0072,1,28.47,0
ORD-000820,LI-0002450,P0019,2,172.24,0
ORD-000820,LI-0002451,P0056,2,150.35,0
ORD-000820,LI-0002452,P0035,1,32.43,0
ORD-000820,LI-0002453,P0012,1,,0
ORD-000820,LI-0002454,P0071,2,31.09,0
ORD-000822,LI-0002458,P0056,1,150.35,0
ORD-000822,LI-0002459,P0051,2,408.31,0
ORD-000822,LI-0002460,P0050,1,612.91,0
ORD-000822,LI-0002461,P0009,1,1582.73,0
ORD-000822,LI-0002462,P0008,2,2996.13,0
ORD-000825,LI-0002466,P0018,3,69.15,0
ORD-000825,LI-0002467,P0045,3,471.19,0
ORD-000825,LI-0002468,P0003,2,3451.71,0
ORD-000825,LI-0002469,P0072,1,28.47,0
ORD-000825,LI-0002470,P0012,3,2689.44,0
ORD-000828,LI-0002474,P0017,3,133.08,10
ORD-000828,LI-0002475,P0060,2,182.94,10
ORD-000828,LI-0002476,P0064,1,29.37,10
ORD-000829,LI-0002477,P0051,3,408.31,10
ORD-000829,LI-0002478,P0038,1,56.28,10
ORD-000831,LI-0002483,P0057,1,249.65,0
ORD-000831,LI-0002484,P0030,3,24.13,0
ORD-000831,LI-0002485,P0055,3,409.44,0
ORD-000831,LI-0002486,P0070,2,34.14,0
ORD-000833,LI-0002491,P0042,2,129.3,0
ORD-000833,LI-0002492,P0021,3,97.29,0
ORD-000833,LI-0002493,P0012,2,2689.44,0
ORD-000834,LI-0002494,P0018,3,69.15,10
ORD-000834,LI-0002495,P0042,3,129.3,10
ORD-000834,LI-0002496,P0051,2,408.31,10
ORD-000834,LI-0002497,P0059,3,439.09,10
ORD-000834,LI-0002498,P0006,3,2008.25,10
ORD-000837,LI-0002504,P0010,3,2396.4,15
ORD-000837,LI-0002505,P0009,2,1582.73,15
ORD-000837,LI-0002506,P0060,3,182.94,15
ORD-000837,LI-0002507,P0064,2,29.37,15
ORD-000845,LI-0002528,P0058,3,207.1,0
ORD-000845,LI-0002529,P0041,1,241.44,0
ORD-000845,LI-0002530,P0006,3,2008.25,0
ORD-000845,LI-0002531,P0003,2,3451.71,0
ORD-000847,LI-0002536,P0069,1,8.93,0
ORD-000847,LI-0002537,P0057,3,249.65,0
ORD-000847,LI-0002538,P0036,2,225.69,0
ORD-000847,LI-0002539,P0039,3,78.19,0
ORD-000849,LI-0002543,P0042,2,129.3,0
ORD-000851,LI-0002547,P0001,2,3412.97,0
ORD-000851,LI-0002548,P0017,3,133.08,0
ORD-000853,LI-0002551,P0034,3,69.24,0
ORD-000853,LI-0002552,P0063,2,31.88,0
ORD-000853,LI-0002553,P0021,1,97.29,0
ORD-000853,LI-0002554,P0027,2,251.02,0
ORD-000854,LI-0002555,P0072,1,28.47,0
ORD-000854,LI-0002556,P0035,3,32.43,0
ORD-000854,LI-0002557,P0062,2,24.69,0
ORD-000859,LI-0002572,P0063,1,31.88,0
ORD-000859,LI-0002573,P0042,3,129.3,0
ORD-000860,LI-0002574,P0071,1,31.09,0
ORD-000864,LI-0002581,P0015,3,82.92,0
ORD-000864,LI-0002582,P0019,1,172.24,0
ORD-000864,LI-0002583,P0051,3,408.31,0
ORD-000864,LI-0002584,P0007,2,3465.47,0
ORD-000864,LI-0002585,P0020,3,97.29,0
ORD-000866,LI-0002587,P0028,2,187.66,0
ORD-000866,LI-0002588,P0005,3,,0
ORD-000866,LI-0002589,P0038,1,56.28,0
ORD-000866,LI-0002590,P0025,3,213.64,0
ORD-000866,LI-0002591,P0056,3,150.35,0
ORD-000867,LI-0002592,P0044,3,283.61,0
ORD-000867,LI-0002593,P0002,1,2146.53,0
ORD-000868,LI-0002594,P0001,1,3412.97,0
ORD-000869,LI-0002595,P0016,2,100.89,0
ORD-000869,LI-0002596,P0019,3,172.24,0
ORD-000869,LI-0002597,P0036,2,225.69,0
ORD-000869,LI-0002598,P0025,1,213.64,0
ORD-000872,LI-0002605,P0048,2,51.12,0
ORD-000872,LI-0002606,P0055,3,409.44,0
ORD-000872,LI-0002607,P0040,2,20.75,0
ORD-000872,LI-0002608,P0009,2,1582.73,0
ORD-000877,LI-0002617,P0001,2,3412.97,0
ORD-000877,LI-0002618,P0043,2,16.37,0
ORD-000877,LI-0002619,P0026,2,174.26,0
ORD-000877,LI-0002620,P0052,1,215.89,0
ORD-000877,LI-0002621,P0021,1,97.29,0
ORD-000880,LI-0002628,P0068,1,3.38,0
ORD-000880,LI-0002629,P0064,2,29.37,0
ORD-000880,LI-0002630,P0029,2,118.4,0
ORD-000880,LI-0002631,P0009,3,1582.73,0
ORD-000881,LI-0002632,P0035,2,32.43,10
ORD-000881,LI-0002633,P0032,3,236.17,10
ORD-000881,LI-0002634,P0030,3,24.13,10
ORD-000881,LI-0002635,P0023,3,94.09,10
ORD-000881,LI-0002636,P0042,3,129.3,10
ORD-000882,LI-0002637,P0004,2,1188.52,0
ORD-000882,LI-0002638,P0028,2,187.66,0
ORD-000883,LI-0002639,P0013,1,48.85,0
ORD-000883,LI-0002640,P0070,3,34.14,0
ORD-000883,LI-0002641,P0011,3,1146.62,0
ORD-000886,LI-0002650,P0035,3,32.43,0
ORD-000886,LI-0002651,P0022,3,172.19,0
ORD-000886,LI-0002652,P0055,3,409.44,0
ORD-000886,LI-0002653,P0072,3,28.47,0
ORD-000887,LI-0002654,P0055,1,409.44,0
ORD-000891,LI-0002667,P0046,1,382.78,0
ORD-000891,LI-0002668,P0021,1,97.29,0
ORD-000893,LI-0002670,P0041,2,241.44,0
ORD-000893,LI-0002671,P0005,3,1435.87,0
ORD-000893,LI-0002672,P0025,1,213.64,0
ORD-000893,LI-0002673,P0038,3,56.28,0
ORD-000897,LI-0002686,P0032,1,236.17,25
ORD-000897,LI-0002687,P0053,2,183.67,25
ORD-000897,LI-0002688,P0017,3,133.08,25
ORD-000898,LI-0002689,P0033,2,78.18,0
ORD-000898,LI-0002690,P0023,2,94.09,0
ORD-000898,LI-0002691,P0007,3,3465.47,0
ORD-000898,LI-0002692,P0038,3,56.28,0
ORD-000898,LI-0002693,P0049,2,392.85,0
ORD-000899,LI-0002694,P0044,2,283.61,0
ORD-000899,LI-0002695,P0069,1,8.93,0
ORD-000899,LI-0002696,P0004,3,1188.52,0
ORD-000899,LI-0002697,P0058,1,207.1,0
ORD-000900,LI-0002698,P0038,2,56.28,0
ORD-000900,LI-0002699,P0007,3,3465.47,0
ORD-000900,LI-0002700,P0014,1,138.97,0
ORD-000904,LI-0002710,P0050,2,612.91,0
ORD-000904,LI-0002711,P0069,3,8.93,0
ORD-000904,LI-0002712,P0007,2,3465.47,0
ORD-000905,LI-0002713,P0007,2,3465.47,0
ORD-000905,LI-0002714,P0005,2,1435.87,0
ORD-000905,LI-0002715,P0055,2,409.44,0
ORD-000908,LI-0002726,P0057,3,249.65,0
ORD-000908,LI-0002727,P0061,2,10.99,0
ORD-000908,LI-0002728,P0065,1,7.33,0
ORD-000908,LI-0002729,P0037,2,23.27,0
ORD-000913,LI-0002746,P0072,3,28.47,15
ORD-000913,LI-0002747,P0062,2,24.69,15
ORD-000913,LI-0002748,P0050,2,612.91,15
ORD-000913,LI-0002749,P0016,2,100.89,15
ORD-000913,LI-0002750,P0002,3,2146.53,15
ORD-000914,LI-0002751,P0054,1,215.77,0
ORD-000914,LI-0002752,P0071,2,31.09,0
ORD-000914,LI-0002753,P0018,3,69.15,0
ORD-000915,LI-0002754,P0048,2,51.12,0
ORD-000918,LI-0002762,P0002,2,2146.53,0
ORD-000918,LI-0002763,P0068,3,3.38,0
ORD-000918,LI-0002764,P0030,3,24.13,0
ORD-000918,LI-0002765,P0070,3,34.14,0
ORD-000921,LI-0002771,P0059,2,439.09,0
ORD-000924,LI-0002781,P0059,1,439.09,0
ORD-000926,LI-0002783,P0048,2,51.12,0
ORD-000926,LI-0002784,P0001,3,3412.97,0
ORD-000926,LI-0002785,P0062,1,24.69,0
ORD-000926,LI-0002786,P0009,3,1582.73,0
ORD-000926,LI-0002787,P0008,1,2996.13,0
ORD-000928,LI-0002791,P0040,3,20.75,0
ORD-000928,LI-0002792,P0072,3,28.47,0
ORD-000928,LI-0002793,P0042,2,129.3,0
ORD-000928,LI-0002794,P0038,3,56.28,0
ORD-000928,LI-0002795,P0030,2,24.13,0
ORD-000930,LI-0002798,P0029,2,118.4,0
ORD-000930,LI-0002799,P0024,3,21.73,0
ORD-000930,LI-0002800,P0009,2,1582.73,0
ORD-000930,LI-0002801,P0060,1,182.94,0
ORD-000931,LI-0002802,P0071,3,31.09,0
ORD-000931,LI-0002803,P0029,2,118.4,0
ORD-000931,LI-0002804,P0033,2,78.18,0
ORD-000931,LI-0002805,P0039,2,78.19,0
ORD-000931,LI-0002806,P0070,3,34.14,0
ORD-000932,LI-0002807,P0051,2,408.31,0
ORD-000933,LI-0002808,P0043,3,16.37,0
ORD-000933,LI-0002809,P0042,3,129.3,0
ORD-000933,LI-0002810,P0014,3,138.97,0
ORD-000933,LI-0002811,P0006,1,2008.25,0
ORD-000933,LI-0002812,P0064,1,29.37,0
ORD-000939,LI-0002827,P0023,2,94.09,0
ORD-000939,LI-0002828,P0070,2,34.14,0
ORD-000939,LI-0002829,P0046,2,382.78,0
ORD-000939,LI-0002830,P0045,1,471.19,0
ORD-000939,LI-0002831,P0032,2,236.17,0
ORD-000940,LI-0002832,P0062,2,24.69,0
ORD-000940,LI-0002833,P0034,3,69.24,0
ORD-000940,LI-0002834,P0006,3,2008.25,0
ORD-000940,LI-0002835,P0031,1,9.81,0
ORD-000946,LI-0002852,P0009,3,1582.73,0
ORD-000946,LI-0002853,P0046,3,382.78,0
ORD-000948,LI-0002859,P0071,2,31.09,0
ORD-000950,LI-0002861,P0018,1,69.15,0
ORD-000950,LI-0002862,P0020,2,97.29,0
ORD-000953,LI-0002868,P0059,3,439.09,0
ORD-000953,LI-0002869,P0046,1,382.78,0
ORD-000953,LI-0002870,P0051,3,408.31,0
ORD-000953,LI-0002871,P0013,1,48.85,0
ORD-000957,LI-0002884,P0072,3,28.47,0
ORD-000957,LI-0002885,P0042,3,129.3,0
ORD-000957,LI-0002886,P0035,3,32.43,0
ORD-000959,LI-0002889,P0047,2,46.84,0
ORD-000959,LI-0002890,P0008,1,2996.13,0
ORD-000963,LI-0002904,P0007,3,3465.47,0
ORD-000963,LI-0002905,P0034,1,69.24,0
ORD-000963,LI-0002906,P0070,1,34.14,0
ORD-000967,LI-0002913,P0025,2,213.64,0
ORD-000967,LI-0002914,P0060,3,182.94,0
ORD-000967,LI-0002915,P0001,3,3412.97,0
ORD-000967,LI-0002916,P0015,1,82.92,0
ORD-000973,LI-0002935,P0052,2,215.89,0
ORD-000973,LI-0002936,P0062,2,24.69,0
ORD-000973,LI-0002937,P0026,1,174.26,0
ORD-000974,LI-0002938,P0033,3,78.18,0
ORD-000974,LI-0002939,P0020,3,97.29,0
ORD-000974,LI-0002940,P0045,3,471.19,0
ORD-000975,LI-0002941,P0044,1,283.61,0
ORD-000975,LI-0002942,P0028,3,187.66,0
ORD-000975,LI-0002943,P0048,2,51.12,0
ORD-000975,LI-0002944,P0007,1,3465.47,0
ORD-000975,LI-0002945,P0050,3,612.91,0
ORD-000977,LI-0002948,P0061,2,10.99,0
ORD-000977,LI-0002949,P0047,3,46.84,0
ORD-000978,LI-0002950,P0035,2,32.43,0
ORD-000978,LI-0002951,P0010,3,2396.4,0
ORD-000978,LI-0002952,P0044,1,283.61,0
ORD-000978,LI-0002953,P0043,2,16.37,0
ORD-000980,LI-0002955,P0026,3,174.26,15
ORD-000983,LI-0002966,P0037,1,23.27,0
ORD-000983,LI-0002967,P0059,1,439.09,0
ORD-000983,LI-0002968,P0062,3,24.69,0
ORD-000987,LI-0002976,P0043,3,16.37,0
ORD-000987,LI-0002977,P0051,2,408.31,0
ORD-000987,LI-0002978,P0045,2,471.19,0
ORD-000987,LI-0002979,P0037,2,23.27,0
ORD-000987,LI-0002980,P0053,2,183.67,0
ORD-000989,LI-0002983,P0043,3,16.37,0
ORD-000991,LI-0002989,P0017,1,,0
ORD-000991,LI-0002990,P0005,2,1435.87,0
ORD-000993,LI-0002994,P0056,3,150.35,15
ORD-000993,LI-0002995,P0011,2,1146.62,15
ORD-000993,LI-0002996,P0028,3,187.66,15
ORD-000993,LI-0002997,P0009,2,1582.73,15
ORD-000993,LI-0002998,P0034,1,69.24,15
ORD-000994,LI-0002999,P0005,1,1435.87,15
ORD-000994,LI-0003000,P0032,2,236.17,15
ORD-000995,LI-0003001,P0070,3,34.14,0
ORD-000995,LI-0003002,P0004,3,1188.52,0
ORD-000995,LI-0003003,P0005,3,1435.87,0
ORD-000995,LI-0003004,P0071,2,31.09,0
ORD-000998,LI-0003011,P0026,2,174.26,0
ORD-000998,LI-0003012,P0033,1,78.18,0
ORD-001000,LI-0003018,P0009,3,1582.73,0
ORD-001000,LI-0003019,P0003,1,3451.71,0
ORD-001000,LI-0003020,P0012,1,2689.44,0
ORD-001000,LI-0003021,P0059,2,439.09,0
ORD-001004,LI-0003030,P0071,3,31.09,10
ORD-001004,LI-0003031,P0054,1,215.77,10
ORD-001004,LI-0003032,P0007,1,3465.47,10
ORD-001005,LI-0003033,P0033,2,78.18,0
ORD-001005,LI-0003034,P0046,1,382.78,0
ORD-001005,LI-0003035,P0023,2,94.09,0
ORD-001005,LI-0003036,P0041,3,241.44,0
ORD-001005,LI-0003037,P0015,1,82.92,0
ORD-001006,LI-0003038,P0049,3,392.85,15
ORD-001006,LI-0003039,P0025,1,213.64,15
ORD-001006,LI-0003040,P0001,2,3412.97,15
ORD-001010,LI-0003047,P0010,2,2396.4,0
ORD-001011,LI-0003048,P0032,1,236.17,0
ORD-001011,LI-0003049,P0060,3,182.94,0
ORD-001011,LI-0003050,P0020,1,97.29,0
ORD-001011,LI-0003051,P0053,2,183.67,0
ORD-001014,LI-0003054,P0002,3,2146.53,0
ORD-001014,LI-0003055,P0014,3,138.97,0
ORD-001014,LI-0003056,P0015,2,82.92,0
ORD-001023,LI-0003091,P0045,3,471.19,0
ORD-001023,LI-0003092,P0064,3,29.37,0
ORD-001023,LI-0003093,P0023,1,94.09,0
ORD-001025,LI-0003096,P0003,2,3451.71,0
ORD-001025,LI-0003097,P0057,1,249.65,0
ORD-001028,LI-0003105,P0042,1,129.3,0
ORD-001029,LI-0003106,P0070,1,34.14,0
ORD-001031,LI-0003110,P0006,3,2008.25,0
ORD-001031,LI-0003111,P0045,3,471.19,0
ORD-001032,LI-0003112,P0025,2,213.64,0
ORD-001032,LI-0003113,P0057,3,249.65,0
ORD-001032,LI-0003114,P0070,3,34.14,0
ORD-001032,LI-0003115,P0038,3,56.28,0
ORD-001032,LI-0003116,P0056,2,150.35,0
ORD-001033,LI-0003117,P0038,1,56.28,0
ORD-001033,LI-0003118,P0039,1,78.19,0
ORD-001033,LI-0003119,P0033,2,78.18,0
ORD-001035,LI-0003121,P0043,1,16.37,0
ORD-001036,LI-0003122,P0042,3,129.3,0
ORD-001036,LI-0003123,P0048,1,51.12,0
ORD-001036,LI-0003124,P0029,1,118.4,0
ORD-001041,LI-0003134,P0016,1,100.89,0
ORD-001041,LI-0003135,P0046,3,382.78,0
ORD-001041,LI-0003136,P0039,2,78.19,0
ORD-001041,LI-0003137,P0059,3,439.09,0
ORD-001043,LI-0003143,P0042,2,129.3,0
ORD-001043,LI-0003144,P0029,3,118.4,0
ORD-001044,LI-0003145,P0057,3,249.65,0
ORD-001044,LI-0003146,P0049,2,392.85,0
ORD-001044,LI-0003147,P0021,2,97.29,0
ORD-001044,LI-0003148,P0051,3,408.31,0
ORD-001046,LI-0003150,P0070,3,34.14,0
ORD-001047,LI-0003151,P0059,1,439.09,15
ORD-001047,LI-0003152,P0048,2,51.12,15
ORD-001047,LI-0003153,P0057,2,249.65,15
ORD-001053,LI-0003168,P0018,1,69.15,0
ORD-001053,LI-0003169,P0041,2,241.44,0
ORD-001053,LI-0003170,P0045,1,471.19,0
ORD-001054,LI-0003171,P0028,2,187.66,0
ORD-001054,LI-0003172,P0060,2,182.94,0
ORD-001054,LI-0003173,P0027,3,251.02,0
ORD-001055,LI-0003174,P0027,1,251.02,0
ORD-001055,LI-0003175,P0046,1,382.78,0
ORD-001056,LI-0003176,P0012,2,2689.44,0
ORD-001056,LI-0003177,P0043,1,16.37,0
ORD-001057,LI-0003178,P0066,2,5.69,0
ORD-001057,LI-0003179,P0031,2,9.81,0
ORD-001060,LI-0003183,P0063,1,31.88,0
ORD-001060,LI-0003184,P0054,3,215.77,0
ORD-001062,LI-0003186,P0065,2,7.33,0
ORD-001062,LI-0003187,P0069,3,8.93,0
ORD-001067,LI-0003197,P0009,3,1582.73,0
ORD-001067,LI-0003198,P0003,3,3451.71,0
ORD-001067,LI-0003199,P0008,3,2996.13,0
ORD-001068,LI-0003200,P0040,2,20.75,0
ORD-001068,LI-0003201,P0013,3,48.85,0
ORD-001068,LI-0003202,P0019,2,172.24,0
ORD-001068,LI-0003203,P0036,2,225.69,0
ORD-001068,LI-0003204,P0070,3,34.14,0
ORD-001069,LI-0003205,P0023,1,94.09,0
ORD-001069,LI-0003206,P0054,3,215.77,0
ORD-001071,LI-0003211,P0008,1,2996.13,10
ORD-001073,LI-0003216,P0015,2,82.92,0
ORD-001073,LI-0003217,P0022,2,172.19,0
ORD-001073,LI-0003218,P0071,1,31.09,0
ORD-001073,LI-0003219,P0009,1,1582.73,0
ORD-001078,LI-0003233,P0015,1,82.92,0
ORD-001078,LI-0003234,P0005,1,1435.87,0
ORD-001078,LI-0003235,P0063,3,31.88,0
ORD-001078,LI-0003236,P0038,3,56.28,0
ORD-001078,LI-0003237,P0017,1,133.08,0
ORD-001080,LI-0003239,P0026,3,174.26,0
ORD-001080,LI-0003240,P0063,1,31.88,0
ORD-001082,LI-0003244,P0031,3,9.81,10
ORD-001082,LI-0003245,P0018,2,69.15,10
ORD-001086,LI-0003254,P0052,1,215.89,0
ORD-001086,LI-0003255,P0056,1,150.35,0
ORD-001086,LI-0003256,P0057,1,249.65,0
ORD-001090,LI-0003263,P0034,2,69.24,12
ORD-001092,LI-0003266,P0040,2,20.75,0
ORD-001092,LI-0003267,P0049,1,392.85,0
ORD-001092,LI-0003268,P0006,2,2008.25,0
ORD-001093,LI-0003269,P0040,1,20.75,0
ORD-001093,LI-0003270,P0063,2,31.88,0
ORD-001096,LI-0003280,P0049,1,392.85,0
ORD-001096,LI-0003281,P0071,3,31.09,0
ORD-001096,LI-0003282,P0020,2,97.29,0
ORD-001096,LI-0003283,P0015,2,82.92,0
ORD-001097,LI-0003284,P0064,1,29.37,0
ORD-001102,LI-0003297,P0007,3,3465.47,0
ORD-001102,LI-0003298,P0065,3,7.33,0
ORD-001102,LI-0003299,P0034,2,69.24,0
ORD-001102,LI-0003300,P0013,3,48.85,0
ORD-001102,LI-0003301,P0037,1,23.27,0
ORD-001106,LI-0003313,P0051,2,408.31,0
ORD-001106,LI-0003314,P0061,3,10.99,0
ORD-001106,LI-0003315,P0003,1,3451.71,0
ORD-001112,LI-0003330,P0060,1,182.94,0
ORD-001113,LI-0003331,P0060,1,182.94,0
ORD-001113,LI-0003332,P0019,1,172.24,0
ORD-001113,LI-0003333,P0005,1,1435.87,0
ORD-001113,LI-0003334,P0046,2,382.78,0
ORD-001117,LI-0003347,P0048,1,51.12,0
ORD-001117,LI-0003348,P0031,1,9.81,0
ORD-001117,LI-0003349,P0034,3,69.24,0
ORD-001119,LI-0003353,P0062,2,24.69,12
ORD-001119,LI-0003354,P0027,1,251.02,12
ORD-001121,LI-0003358,P0014,3,,0
ORD-001121,LI-0003359,P0055,3,409.44,0
ORD-001124,LI-0003365,P0031,1,9.81,0
ORD-001124,LI-0003366,P0072,1,28.47,0
ORD-001124,LI-0003367,P0001,2,3412.97,0
ORD-001124,LI-0003368,P0070,1,34.14,0
ORD-001126,LI-0003371,P0017,2,133.08,0
ORD-001127,LI-0003372,P0063,3,31.88,10
ORD-001127,LI-0003373,P0034,3,69.24,10
ORD-001133,LI-0003396,P0051,1,408.31,0
ORD-001133,LI-0003397,P0058,1,207.1,0
ORD-001134,LI-0003398,P0052,3,215.89,0
ORD-001134,LI-0003399,P0033,3,78.18,0
ORD-001134,LI-0003400,P0050,2,612.91,0
ORD-001134,LI-0003401,P0014,1,138.97,0
ORD-001134,LI-0003402,P0019,3,172.24,0
ORD-001136,LI-0003404,P0031,2,9.81,0
ORD-001136,LI-0003405,P0007,3,3465.47,0
ORD-001136,LI-0003406,P0067,1,29.54,0
ORD-001141,LI-0003418,P0058,2,207.1,15
ORD-001141,LI-0003419,P0023,2,94.09,15
ORD-001141,LI-0003420,P0071,3,,15
ORD-001142,LI-0003421,P0054,2,215.77,0
ORD-001143,LI-0003422,P0056,1,150.35,12
ORD-001143,LI-0003423,P0025,2,213.64,12
ORD-001143,LI-0003424,P0024,1,21.73,12
ORD-001147,LI-0003431,P0034,1,69.24,0
ORD-001147,LI-0003432,P0037,3,23.27,0
ORD-001147,LI-0003433,P0012,2,2689.44,0
ORD-001147,LI-0003434,P0056,2,150.35,0
ORD-001147,LI-0003435,P0039,3,78.19,0
ORD-000085,LI-0000250,P0055,1,409.44,0
ORD-000085,LI-0000251,P0023,2,94.09,0
ORD-000085,LI-0000252,P0046,1,382.78,0
ORD-000085,LI-0000253,P0028,3,187.66,0
ORD-000576,LI-0001699,P0059,2,439.09,12
ORD-000576,LI-0001700,P0056,3,150.35,12
ORD-000576,LI-0001701,P0052,3,215.89,12
ORD-000576,LI-0001702,P0061,1,10.99,12
ORD-000576,LI-0001703,P0032,1,236.17,12
ORD-001057,LI-0003178,P0066,2,5.69,0
ORD-001057,LI-0003179,P0031,2,9.81,0
