transaction_id,store_id,register_id,cashier_id,transaction_datetime,tender_type,order_status,loyalty_customer_id,discount_code
TXN-000003,S04,REG-2,E0017,02/01/2024 10:54,PAYPAL,COMPLETED,C00200,
TXN-000004,S04,REG-1,E0020,09/12/2024 09:01,GIFT_CARD,COMPLETED,,
TXN-000005,S03,REG-1,E0015,12/31/2025 15:05,PAYPAL,VOIDED,C00139,
TXN-000007,,REG-1,E0017,01/04/2026 19:30,GIFT_CARD,COMPLETED,,
TXN-000009,S06,REG-2,E0029,08/17/2025 10:10,CREDIT_CARD,COMPLETED,,
TXN-000010,S04,REG-4,E0018,03/02/2024 10:28,PAYPAL,COMPLETED,C00081,
TXN-000013,S01,REG-2,E0004,01/14/2026 13:48,PAYPAL,COMPLETED,,
TXN-000014,S06,REG-4,E0027,07/17/2025 12:52,PAYPAL,COMPLETED,C00101,
TXN-000015,S02,REG-1,E0010,05/23/2024 13:59,STORE_CREDIT,COMPLETED,C00077,
TXN-000016,S05,REG-1,E0025,04/30/2025 12:41,STORE_CREDIT,COMPLETED,,
TXN-000018,S02,REG-4,E0008,04/02/2026 19:16,PAYPAL,COMPLETED,,SPRING26
TXN-000019,S03,REG-2,E0014,07/10/2025 14:57,GIFT_CARD,COMPLETED,C00183,SUMMER25
TXN-000023,S05,REG-2,E0025,12/09/2024 12:29,GIFT_CARD,COMPLETED,C00035,
TXN-000024,S02,REG-2,E0008,12/11/2024 20:18,STORE_CREDIT,COMPLETED,C00104,
TXN-000025,,REG-3,E0015,01/27/2025 11:28,PAYPAL,COMPLETED,,
TXN-000027,S05,REG-2,E0026,12/19/2025 16:58,CREDIT_CARD,COMPLETED,,
TXN-000028,S05,REG-2,E0024,07/29/2024 19:37,STORE_CREDIT,COMPLETED,C00132,
TXN-000033,S02,REG-1,E0012,09/04/2025 18:45,CREDIT_CARD,COMPLETED,,
TXN-000034,S03,REG-2,E0014,08/14/2025 17:49,GIFT_CARD,COMPLETED,,
TXN-000035,S05,REG-4,E0023,02/18/2024 13:41,DEBIT_CARD,VOIDED,,
TXN-000036,S03,REG-4,E0013,10/24/2025 09:59,GIFT_CARD,COMPLETED,,
TXN-000038,S03,REG-4,E0014,04/02/2026 19:30,DEBIT_CARD,COMPLETED,,SPRING26
TXN-000040,S01,REG-2,E0004,05/09/2026 09:52,DEBIT_CARD,COMPLETED,,
TXN-000041,S05,REG-2,E0024,03/02/2024 17:40,GIFT_CARD,COMPLETED,,SPRING24
TXN-000042,S06,REG-3,E0030,07/02/2025 12:01,DEBIT_CARD,COMPLETED,C00025,SUMMER25
TXN-000044,S06,REG-3,E0028,07/19/2025 15:03,PAYPAL,COMPLETED,,
TXN-000045,S05,REG-3,E0022,07/02/2024 13:01,CREDIT_CARD,REFUNDED,,
TXN-000046,S03,REG-1,E0013,12/06/2025 19:05,STORE_CREDIT,COMPLETED,,
TXN-000047,S01,REG-4,E0003,10/29/2024 20:15,GIFT_CARD,COMPLETED,C00201,
TXN-000048,S05,REG-3,E0025,03/30/2024 10:27,CREDIT_CARD,COMPLETED,C00023,SPRING24
TXN-000050,S03,REG-4,E0016,02/09/2025 13:53,STORE_CREDIT,COMPLETED,C00211,
TXN-000052,S04,REG-1,E0020,03/27/2026 12:53,DEBIT_CARD,COMPLETED,,
TXN-000053,S05,REG-3,E0026,01/03/2025 19:57,PAYPAL,COMPLETED,,
TXN-000054,S05,REG-3,E0025,04/10/2024 12:14,GIFT_CARD,COMPLETED,C00057,
TXN-000055,S05,REG-4,E0024,11/15/2024 13:29,GIFT_CARD,COMPLETED,,
TXN-000059,S02,REG-1,E0011,05/24/2024 16:24,DEBIT_CARD,COMPLETED,C00125,
TXN-000060,S04,REG-4,E0020,06/01/2025 18:31,STORE_CREDIT,VOIDED,,
TXN-000063,S06,REG-1,E0027,08/09/2025 12:54,CREDIT_CARD,COMPLETED,,
TXN-000066,S01,REG-3,E0002,10/03/2025 20:53,DEBIT_CARD,COMPLETED,C00110,
TXN-000067,S02,REG-4,E0010,02/09/2025 18:19,GIFT_CARD,COMPLETED,,
TXN-000071,S01,REG-4,E0003,10/15/2025 17:04,GIFT_CARD,COMPLETED,C00221,
TXN-000072,S06,REG-3,E0030,03/02/2024 20:25,STORE_CREDIT,COMPLETED,,
TXN-000075,S06,REG-4,E0027,03/06/2024 12:45,STORE_CREDIT,COMPLETED,C00093,SPRING24
TXN-000076,S01,REG-1,E0001,04/28/2024 11:47,DEBIT_CARD,COMPLETED,,
TXN-000077,S03,REG-2,E0013,09/11/2024 14:58,CREDIT_CARD,COMPLETED,,
TXN-000078,S03,REG-2,E0013,06/05/2026 12:49,STORE_CREDIT,COMPLETED,,
TXN-000079,S01,REG-4,E0002,09/08/2024 10:00,CREDIT_CARD,COMPLETED,,
TXN-000081,S01,REG-4,E0004,04/19/2026 14:04,PAYPAL,COMPLETED,,
TXN-000083,S02,REG-4,E0009,11/07/2024 19:44,GIFT_CARD,COMPLETED,C00064,
TXN-000086,S04,REG-3,E0017,10/29/2024 15:26,STORE_CREDIT,COMPLETED,,
TXN-000087,S05,REG-4,E0023,03/11/2026 15:22,DEBIT_CARD,COMPLETED,,SPRING26
TXN-000088,S02,REG-3,E0008,04/28/2025 16:22,CREDIT_CARD,COMPLETED,,
TXN-000089,S01,REG-3,E0006,01/25/2026 19:22,STORE_CREDIT,VOIDED,,
TXN-000091,S03,REG-4,E0013,03/03/2026 09:54,CREDIT_CARD,COMPLETED,,
TXN-000092,S05,REG-2,E0023,06/27/2024 19:35,PAYPAL,COMPLETED,,
TXN-000093,S05,REG-2,E0022,09/08/2025 13:58,CREDIT_CARD,COMPLETED,C00128,
TXN-000094,S04,REG-2,E0017,11/17/2025 18:46,PAYPAL,COMPLETED,C00178,
TXN-000095,S04,REG-2,E0020,01/20/2026 14:10,STORE_CREDIT,COMPLETED,C00026,
TXN-000097,S06,REG-1,E0028,05/09/2025 19:01,PAYPAL,COMPLETED,C00041,
TXN-000099,S01,REG-3,E0001,11/08/2025 18:38,GIFT_CARD,COMPLETED,C00075,
TXN-000100,S04,REG-3,E0018,11/07/2025 12:05,CREDIT_CARD,COMPLETED,,
TXN-000101,S04,REG-1,E0018,03/28/2024 18:22,GIFT_CARD,COMPLETED,,SPRING24
TXN-000103,S05,REG-4,E0025,06/13/2026 08:50,STORE_CREDIT,COMPLETED,,
TXN-000105,S01,REG-4,E0002,05/13/2026 15:54,PAYPAL,COMPLETED,,
TXN-000106,S01,REG-4,E0003,04/20/2026 08:32,STORE_CREDIT,VOIDED,C00035,
TXN-000108,S02,REG-1,E0012,05/24/2026 17:49,STORE_CREDIT,COMPLETED,C00069,
TXN-000109,S02,REG-4,E0009,10/24/2025 10:38,PAYPAL,COMPLETED,,
TXN-000110,S05,REG-3,E0023,11/09/2025 13:35,PAYPAL,COMPLETED,C00124,
TXN-000111,S06,REG-1,E0030,11/23/2024 18:08,CREDIT_CARD,COMPLETED,,
TXN-000112,S02,REG-2,E0012,09/21/2024 19:51,PAYPAL,COMPLETED,C00057,
TXN-000114,S04,REG-3,E0019,06/02/2026 19:11,CREDIT_CARD,COMPLETED,,
TXN-000120,S01,REG-1,E0005,12/18/2025 10:26,CREDIT_CARD,VOIDED,,
TXN-000123,S05,REG-4,E0023,06/23/2024 13:22,CREDIT_CARD,REFUNDED,,SUMMER24
TXN-000124,S05,REG-3,E0024,05/14/2026 10:06,PAYPAL,COMPLETED,C00047,
TXN-000125,S05,REG-3,E0025,08/01/2025 11:42,DEBIT_CARD,VOIDED,,
TXN-000130,,REG-1,E0012,03/19/2025 17:30,GIFT_CARD,COMPLETED,,SPRING25
TXN-000131,S03,REG-4,E0014,06/08/2025 12:53,PAYPAL,COMPLETED,,SUMMER25
TXN-000132,S05,REG-3,E0026,02/18/2026 13:35,STORE_CREDIT,VOIDED,,
TXN-000133,S06,REG-1,E0029,02/07/2026 20:10,DEBIT_CARD,COMPLETED,C00177,
TXN-000134,S06,REG-3,E0029,01/25/2025 14:26,STORE_CREDIT,COMPLETED,,
TXN-000135,S05,REG-2,E0023,05/02/2024 14:02,PAYPAL,COMPLETED,,
TXN-000136,S05,REG-2,E0021,11/21/2024 16:14,CREDIT_CARD,COMPLETED,,
TXN-000140,S01,REG-3,E0006,01/29/2026 20:27,CREDIT_CARD,COMPLETED,,
TXN-000141,S02,REG-1,E0009,09/14/2024 16:04,PAYPAL,COMPLETED,C00162,
TXN-000142,S06,REG-3,E0027,01/07/2024 18:46,CREDIT_CARD,VOIDED,,
TXN-000143,S05,REG-1,E0023,05/19/2024 19:25,PAYPAL,COMPLETED,,
TXN-000144,S05,REG-3,E0025,02/12/2024 08:36,PAYPAL,COMPLETED,,
TXN-000146,S05,REG-2,E0026,07/17/2024 13:31,PAYPAL,COMPLETED,,
TXN-000147,S03,REG-2,E0016,05/10/2026 13:08,STORE_CREDIT,COMPLETED,,
TXN-000148,S05,REG-3,E0022,05/11/2026 12:54,CREDIT_CARD,COMPLETED,,
TXN-000149,S02,REG-2,E0007,08/18/2025 17:25,DEBIT_CARD,COMPLETED,,
TXN-000150,S05,REG-4,E0026,11/09/2025 11:54,DEBIT_CARD,COMPLETED,,
TXN-000151,S03,REG-2,E0013,04/10/2025 08:02,PAYPAL,VOIDED,,
TXN-000153,S05,REG-4,E0022,05/08/2025 18:30,DEBIT_CARD,COMPLETED,C00006,
TXN-000155,S02,REG-1,E0011,05/30/2026 16:43,STORE_CREDIT,COMPLETED,,
TXN-000156,S03,REG-3,E0013,04/01/2026 15:50,CREDIT_CARD,COMPLETED,,SPRING26
TXN-000157,S06,REG-2,E0029,06/16/2025 08:24,STORE_CREDIT,COMPLETED,,SUMMER25
TXN-000158,S02,REG-3,E0009,02/27/2025 16:50,STORE_CREDIT,COMPLETED,,
TXN-000159,S05,REG-3,E0026,02/14/2025 20:21,CREDIT_CARD,COMPLETED,,
TXN-000161,S03,REG-3,E0014,08/25/2024 17:10,PAYPAL,COMPLETED,,
TXN-000162,S03,REG-1,E0014,08/19/2025 13:22,STORE_CREDIT,COMPLETED,C00117,
TXN-000163,S03,REG-2,E0013,04/19/2024 16:04,STORE_CREDIT,COMPLETED,C00225,
TXN-000167,S01,REG-4,E0005,03/29/2026 14:30,GIFT_CARD,COMPLETED,C00176,SPRING26
TXN-000169,S03,REG-1,E0016,02/09/2026 13:23,CREDIT_CARD,COMPLETED,,
TXN-000170,S05,REG-3,E0025,05/26/2025 10:57,STORE_CREDIT,VOIDED,,
TXN-000173,S04,REG-1,E0020,01/06/2025 19:37,DEBIT_CARD,COMPLETED,,
TXN-000174,S01,REG-1,E0001,01/27/2024 20:25,GIFT_CARD,COMPLETED,,
TXN-000175,S04,REG-2,E0020,11/10/2025 13:55,STORE_CREDIT,COMPLETED,,
TXN-000177,S04,REG-2,E0020,04/25/2025 16:00,STORE_CREDIT,COMPLETED,,
TXN-000178,S04,REG-3,E0020,09/12/2024 10:45,STORE_CREDIT,COMPLETED,,
TXN-000179,S01,REG-4,E0002,01/20/2024 10:03,CREDIT_CARD,COMPLETED,C00033,
TXN-000180,S04,REG-1,E0017,03/15/2026 20:31,CREDIT_CARD,COMPLETED,,SPRING26
TXN-000182,S05,REG-2,E0021,01/15/2026 08:47,CREDIT_CARD,COMPLETED,,
TXN-000189,S03,REG-1,E0013,07/25/2025 19:56,PAYPAL,COMPLETED,,
TXN-000191,S03,REG-4,E0015,12/26/2024 13:35,PAYPAL,COMPLETED,C00111,
TXN-000194,S03,REG-2,E0015,08/13/2025 14:05,DEBIT_CARD,COMPLETED,,
TXN-000195,S01,REG-4,E0002,04/01/2025 20:38,PAYPAL,COMPLETED,,SPRING25
TXN-000199,S03,REG-3,E0013,09/27/2025 10:55,GIFT_CARD,COMPLETED,,
TXN-000200,S03,REG-2,E0016,08/04/2024 11:34,CREDIT_CARD,COMPLETED,C00037,
TXN-000201,S06,REG-1,E0029,11/07/2025 12:42,GIFT_CARD,COMPLETED,C00223,
TXN-000203,S01,REG-2,E0005,06/18/2026 14:56,DEBIT_CARD,COMPLETED,,
TXN-000205,S06,REG-2,E0027,11/21/2024 09:35,CREDIT_CARD,COMPLETED,,
TXN-000207,S01,REG-2,E0003,08/19/2024 08:26,DEBIT_CARD,COMPLETED,,
TXN-000208,S02,REG-2,E0010,05/16/2025 19:20,GIFT_CARD,COMPLETED,C00156,
TXN-000209,S05,REG-2,E0025,06/17/2026 08:56,STORE_CREDIT,COMPLETED,C00011,
TXN-000210,S04,REG-3,E0018,06/24/2026 12:49,DEBIT_CARD,COMPLETED,,
TXN-000211,S02,REG-4,E0010,04/09/2025 17:57,DEBIT_CARD,COMPLETED,C00178,SPRING25
TXN-000212,S04,REG-1,E0018,10/11/2025 13:05,PAYPAL,COMPLETED,,
TXN-000216,S06,REG-3,E0027,02/29/2024 09:36,PAYPAL,COMPLETED,,
TXN-000217,S01,REG-4,E0001,08/26/2024 19:18,DEBIT_CARD,COMPLETED,,
TXN-000223,S03,REG-2,E0014,02/02/2026 12:01,PAYPAL,COMPLETED,,
TXN-000224,S05,REG-1,E0022,10/04/2024 10:45,STORE_CREDIT,COMPLETED,,
TXN-000225,S04,REG-2,E0019,08/29/2025 18:53,STORE_CREDIT,COMPLETED,,
TXN-000226,S01,REG-2,E0004,04/12/2026 20:58,GIFT_CARD,COMPLETED,,
TXN-000227,S03,REG-4,E0016,12/17/2025 18:21,GIFT_CARD,COMPLETED,C00122,HOLIDAY25
TXN-000228,S02,REG-1,E0011,06/29/2025 15:25,PAYPAL,COMPLETED,,SUMMER25
TXN-000229,S04,REG-3,E0017,03/20/2024 19:59,GIFT_CARD,COMPLETED,,SPRING24
TXN-000230,S06,REG-4,E0027,02/28/2026 14:20,CREDIT_CARD,COMPLETED,,
TXN-000231,S03,REG-1,E0015,07/19/2024 11:43,STORE_CREDIT,COMPLETED,,
TXN-000233,S04,REG-1,E0018,03/21/2025 16:13,GIFT_CARD,COMPLETED,,SPRING25
TXN-000234,S02,REG-3,E0007,01/08/2026 15:42,STORE_CREDIT,COMPLETED,C00107,
TXN-000235,S03,REG-1,E0016,05/17/2026 19:15,STORE_CREDIT,COMPLETED,C00009,
TXN-000236,S06,REG-1,E0027,09/16/2025 09:15,STORE_CREDIT,COMPLETED,,
TXN-000237,S05,REG-1,E0026,04/25/2025 15:32,DEBIT_CARD,COMPLETED,,
TXN-000238,S02,REG-2,E0011,09/23/2024 08:40,STORE_CREDIT,COMPLETED,,
TXN-000239,S03,REG-4,E0014,06/01/2025 09:54,CREDIT_CARD,COMPLETED,,SUMMER25
TXN-000240,S04,REG-4,E0018,06/06/2024 15:48,STORE_CREDIT,COMPLETED,,SUMMER24
TXN-000242,S03,REG-2,E0016,12/09/2024 12:17,STORE_CREDIT,COMPLETED,,
TXN-000243,S01,REG-3,E0004,01/11/2024 18:00,DEBIT_CARD,COMPLETED,,
TXN-000245,S04,REG-2,E0019,10/16/2025 15:59,CREDIT_CARD,COMPLETED,,
TXN-000246,S02,REG-2,E0011,04/21/2024 10:34,CREDIT_CARD,COMPLETED,,
TXN-000248,S01,REG-4,E0005,02/17/2025 19:49,GIFT_CARD,COMPLETED,,
TXN-000249,S06,REG-1,E0027,11/06/2024 14:03,GIFT_CARD,COMPLETED,,
TXN-000252,S05,REG-4,E0024,05/01/2024 11:51,STORE_CREDIT,COMPLETED,,
TXN-000253,S02,REG-3,E0007,09/25/2025 08:15,CREDIT_CARD,COMPLETED,C00079,
TXN-000254,S02,REG-2,E0009,11/28/2024 09:43,CREDIT_CARD,COMPLETED,,
TXN-000255,S04,REG-3,E0018,06/21/2024 19:23,STORE_CREDIT,COMPLETED,,SUMMER24
TXN-000256,S02,REG-2,E0008,03/22/2026 20:30,DEBIT_CARD,COMPLETED,C00116,SPRING26
TXN-000257,S03,REG-2,E0013,04/20/2025 20:40,GIFT_CARD,COMPLETED,,
TXN-000258,S02,REG-1,E0007,01/28/2026 08:59,GIFT_CARD,COMPLETED,,
TXN-000261,S05,REG-4,E0022,03/20/2025 17:14,CREDIT_CARD,COMPLETED,,
TXN-000262,S02,REG-2,E0008,01/13/2024 19:46,CREDIT_CARD,COMPLETED,C00166,
TXN-000263,S01,REG-4,E0004,12/21/2025 18:00,PAYPAL,VOIDED,C00009,HOLIDAY25
TXN-000264,S05,REG-4,E0026,06/28/2024 18:35,CREDIT_CARD,OPEN,,SUMMER24
TXN-000265,S06,REG-2,E0029,06/23/2025 09:30,CREDIT_CARD,COMPLETED,C00205,
TXN-000268,S05,REG-1,E0025,11/30/2024 15:37,PAYPAL,COMPLETED,,BF2024
TXN-000272,S02,REG-1,E0009,09/14/2025 18:12,CREDIT_CARD,COMPLETED,,
TXN-000273,S01,REG-4,E0002,12/25/2024 12:28,GIFT_CARD,REFUNDED,C00190,
TXN-000277,S02,REG-1,E0009,01/18/2024 12:10,CREDIT_CARD,COMPLETED,,
TXN-000278,S05,REG-3,E0022,02/23/2026 18:11,PAYPAL,COMPLETED,,
TXN-000280,S03,REG-1,E0014,06/30/2026 17:33,DEBIT_CARD,VOIDED,,
TXN-000281,S01,REG-2,E0001,03/11/2025 19:48,CREDIT_CARD,OPEN,C00111,SPRING25
TXN-000284,S01,REG-1,E0002,12/15/2025 17:11,DEBIT_CARD,COMPLETED,,
TXN-000287,S06,REG-3,E0030,02/17/2025 09:14,PAYPAL,COMPLETED,C00197,
TXN-000288,S01,REG-2,E0004,05/17/2024 08:06,PAYPAL,COMPLETED,C00046,
TXN-000290,S01,REG-2,E0002,11/18/2024 14:28,DEBIT_CARD,COMPLETED,C00200,
TXN-000292,S03,REG-3,E0016,08/20/2025 08:48,CREDIT_CARD,COMPLETED,,
TXN-000294,S03,REG-4,E0014,05/23/2025 16:51,CREDIT_CARD,COMPLETED,,
TXN-000295,S02,REG-1,E0009,08/03/2025 20:33,PAYPAL,COMPLETED,,
TXN-000296,S06,REG-2,E0030,06/12/2025 10:36,GIFT_CARD,COMPLETED,C00137,
TXN-000297,S06,REG-1,E0028,05/16/2026 14:17,CREDIT_CARD,COMPLETED,,
TXN-000298,S01,REG-1,E0002,07/27/2025 14:27,PAYPAL,COMPLETED,C00008,
TXN-000300,S04,REG-3,E0020,04/19/2024 10:13,PAYPAL,COMPLETED,,
TXN-000301,S02,REG-2,E0009,11/30/2025 11:17,STORE_CREDIT,COMPLETED,C00211,
TXN-000302,S03,REG-1,E0015,11/18/2025 11:16,GIFT_CARD,COMPLETED,C00222,
TXN-000303,S01,REG-3,E0003,04/11/2026 20:41,GIFT_CARD,COMPLETED,,
TXN-000304,S01,REG-4,E0001,07/14/2025 19:20,DEBIT_CARD,COMPLETED,,
TXN-000306,S02,REG-3,E0007,02/06/2025 14:53,DEBIT_CARD,COMPLETED,,
TXN-000307,S04,REG-1,E0019,05/22/2026 10:03,STORE_CREDIT,COMPLETED,,
TXN-000308,S01,REG-2,E0002,03/02/2026 15:52,PAYPAL,VOIDED,,SPRING26
TXN-000309,S02,REG-2,E0007,07/12/2024 14:11,DEBIT_CARD,COMPLETED,,
TXN-000310,S05,REG-2,E0023,12/31/2025 14:45,DEBIT_CARD,COMPLETED,C00016,
TXN-000311,S03,REG-3,E0016,07/02/2024 12:10,DEBIT_CARD,COMPLETED,C00182,SUMMER24
TXN-000312,S03,REG-2,E0015,06/16/2026 12:39,GIFT_CARD,COMPLETED,,
TXN-000314,S01,REG-2,E0005,11/10/2025 17:13,DEBIT_CARD,OPEN,C00107,
TXN-000315,S06,REG-1,E0030,06/06/2024 08:05,CREDIT_CARD,COMPLETED,C00069,
TXN-000317,S06,REG-1,E0028,02/16/2025 12:41,PAYPAL,COMPLETED,,
TXN-000320,S04,REG-2,E0019,08/24/2025 19:29,DEBIT_CARD,COMPLETED,C00224,
TXN-000322,S02,REG-2,E0012,07/11/2024 08:13,STORE_CREDIT,COMPLETED,,SUMMER24
TXN-000323,S04,REG-1,E0020,06/19/2024 10:47,PAYPAL,COMPLETED,,
TXN-000324,S05,REG-4,E0026,02/13/2025 15:32,GIFT_CARD,COMPLETED,,
TXN-000328,S04,REG-4,E0017,12/24/2025 08:59,CREDIT_CARD,COMPLETED,,
TXN-000330,S02,REG-3,E0010,02/10/2026 16:26,STORE_CREDIT,COMPLETED,,
TXN-000331,S04,REG-2,E0017,02/15/2025 20:10,CREDIT_CARD,COMPLETED,,
TXN-000332,S05,REG-2,E0026,10/21/2025 11:56,GIFT_CARD,COMPLETED,C00208,
TXN-000333,S03,REG-3,E0014,01/27/2026 10:33,DEBIT_CARD,COMPLETED,,
TXN-000334,S05,REG-2,E0021,09/04/2024 20:19,STORE_CREDIT,REFUNDED,,
TXN-000335,S06,REG-3,E0028,08/18/2025 17:45,STORE_CREDIT,COMPLETED,C00171,
TXN-000336,S02,REG-1,E0012,07/16/2024 20:23,GIFT_CARD,COMPLETED,,
TXN-000337,S03,REG-4,E0016,08/25/2025 16:33,GIFT_CARD,COMPLETED,C00113,
TXN-000338,S05,REG-3,E0023,04/11/2025 15:02,PAYPAL,COMPLETED,,
TXN-000340,S06,REG-3,E0029,02/18/2026 15:42,GIFT_CARD,COMPLETED,,
TXN-000342,S05,REG-2,E0025,09/25/2025 16:36,CREDIT_CARD,COMPLETED,C00129,
TXN-000345,S01,REG-4,E0001,11/27/2024 12:24,GIFT_CARD,COMPLETED,C00153,
TXN-000347,S04,REG-3,E0019,06/20/2024 08:03,PAYPAL,COMPLETED,C00175,SUMMER24
TXN-000348,S02,REG-3,E0012,11/03/2024 09:25,STORE_CREDIT,COMPLETED,,
TXN-000353,S05,REG-3,E0024,08/17/2024 08:17,STORE_CREDIT,COMPLETED,C00050,
TXN-000355,S03,REG-2,E0014,04/29/2025 11:21,CREDIT_CARD,COMPLETED,C00159,
TXN-000358,S01,REG-4,E0002,07/09/2024 11:08,PAYPAL,COMPLETED,C00132,SUMMER24
TXN-000361,S04,REG-3,E0018,01/04/2024 18:14,PAYPAL,COMPLETED,C00197,
TXN-000363,S01,REG-2,E0003,05/20/2024 14:41,PAYPAL,COMPLETED,,
TXN-000367,S04,REG-1,E0019,06/15/2025 13:14,GIFT_CARD,COMPLETED,C00111,SUMMER25
TXN-000368,S01,REG-1,E0003,10/28/2024 16:32,STORE_CREDIT,COMPLETED,C00019,
TXN-000370,S06,REG-1,E0027,03/12/2026 14:25,GIFT_CARD,COMPLETED,C00195,
TXN-000371,S03,REG-3,E0013,02/14/2026 15:46,GIFT_CARD,COMPLETED,,
TXN-000375,S03,REG-2,E0016,06/05/2026 11:08,PAYPAL,VOIDED,C00041,
TXN-000377,S01,REG-2,E0004,01/28/2025 18:11,DEBIT_CARD,VOIDED,C00062,
TXN-000383,S02,REG-4,E0007,12/11/2024 11:43,STORE_CREDIT,COMPLETED,,HOLIDAY24
TXN-000384,S04,REG-4,E0020,07/13/2024 17:13,DEBIT_CARD,COMPLETED,,SUMMER24
TXN-000387,S01,REG-2,E0002,08/26/2024 16:37,GIFT_CARD,COMPLETED,C00032,
TXN-000390,S02,REG-4,E0008,05/08/2024 09:11,DEBIT_CARD,COMPLETED,C00186,
TXN-000392,S04,REG-2,E0019,06/28/2024 12:24,DEBIT_CARD,COMPLETED,,SUMMER24
TXN-000393,S06,REG-1,E0027,01/30/2026 13:24,STORE_CREDIT,COMPLETED,,
TXN-000394,S06,REG-2,E0027,12/27/2025 15:40,DEBIT_CARD,COMPLETED,,
TXN-000399,S03,REG-1,E0016,02/18/2026 12:59,DEBIT_CARD,COMPLETED,C00088,
TXN-000400,S05,REG-3,E0023,05/05/2026 10:01,STORE_CREDIT,VOIDED,C00064,
TXN-000401,S06,REG-4,E0027,03/30/2025 11:38,CREDIT_CARD,COMPLETED,,SPRING25
TXN-000402,S04,REG-1,E0017,11/20/2025 16:55,DEBIT_CARD,COMPLETED,,
TXN-000403,S04,REG-2,E0019,01/30/2024 10:59,CREDIT_CARD,COMPLETED,,
TXN-000404,S06,REG-1,E0029,08/12/2025 20:59,GIFT_CARD,COMPLETED,,
TXN-000405,S01,REG-1,E0003,05/23/2026 13:24,GIFT_CARD,COMPLETED,,
TXN-000406,S03,REG-1,E0014,04/16/2025 13:09,DEBIT_CARD,COMPLETED,,
TXN-000407,S06,REG-1,E0030,12/06/2025 09:17,GIFT_CARD,COMPLETED,,
TXN-000408,S06,REG-4,E0027,08/03/2024 19:59,PAYPAL,OPEN,,
TXN-000410,S01,REG-1,E0003,04/03/2026 19:12,DEBIT_CARD,VOIDED,C00027,
TXN-000411,S02,REG-2,E0007,03/20/2025 10:40,STORE_CREDIT,COMPLETED,,SPRING25
TXN-000414,S03,REG-2,E0014,02/05/2024 09:07,PAYPAL,COMPLETED,,
TXN-000415,S03,REG-4,E0015,03/31/2025 10:36,CREDIT_CARD,COMPLETED,C00054,SPRING25
TXN-000416,S03,REG-4,E0014,09/08/2025 16:13,PAYPAL,REFUNDED,,
TXN-000419,S03,REG-3,E0016,05/06/2024 10:33,PAYPAL,COMPLETED,C00180,
TXN-000421,S02,REG-2,E0009,03/14/2025 16:45,PAYPAL,COMPLETED,,
TXN-000423,S06,REG-2,E0029,05/01/2026 19:00,STORE_CREDIT,COMPLETED,C00170,
TXN-000424,S01,REG-3,E0003,11/26/2025 11:53,STORE_CREDIT,COMPLETED,C00068,
TXN-000425,S02,REG-2,E0010,04/19/2024 08:22,CREDIT_CARD,COMPLETED,,
TXN-000426,S04,REG-1,E0018,10/02/2024 09:28,DEBIT_CARD,COMPLETED,C00112,
TXN-000428,S06,REG-1,E0028,05/09/2024 10:22,STORE_CREDIT,COMPLETED,,
TXN-000429,S05,REG-4,E0022,05/12/2025 09:48,CREDIT_CARD,REFUNDED,,
TXN-000430,S02,REG-3,E0007,07/12/2024 17:40,DEBIT_CARD,COMPLETED,C00071,SUMMER24
TXN-000433,S03,REG-4,E0014,01/30/2026 20:37,CREDIT_CARD,COMPLETED,,
TXN-000434,S01,REG-2,E0005,07/16/2024 19:28,DEBIT_CARD,COMPLETED,,
TXN-000435,S01,REG-1,E0002,03/05/2025 16:59,STORE_CREDIT,COMPLETED,C00034,SPRING25
TXN-000436,S01,REG-1,E0002,05/21/2025 18:34,GIFT_CARD,COMPLETED,,
TXN-000439,S03,REG-1,E0014,04/23/2026 13:14,STORE_CREDIT,COMPLETED,C00138,
TXN-000440,S04,REG-4,E0018,10/03/2025 18:38,GIFT_CARD,COMPLETED,,
TXN-000443,S01,REG-4,E0001,10/04/2025 17:00,CREDIT_CARD,COMPLETED,,
TXN-000446,S01,REG-2,E0003,10/15/2024 13:04,GIFT_CARD,COMPLETED,C00155,
TXN-000447,S02,REG-1,E0012,12/29/2025 20:04,GIFT_CARD,COMPLETED,C00100,
TXN-000449,S06,REG-3,E0028,08/17/2025 19:26,CREDIT_CARD,VOIDED,C00093,
TXN-000450,S02,REG-2,E0008,05/27/2024 16:59,DEBIT_CARD,COMPLETED,,
TXN-000453,S03,REG-3,E0015,06/15/2026 15:35,CREDIT_CARD,VOIDED,,
TXN-000456,S05,REG-3,E0021,04/09/2024 13:26,GIFT_CARD,COMPLETED,,
TXN-000457,S05,REG-4,E0025,10/31/2025 10:49,PAYPAL,REFUNDED,C00134,
TXN-000458,S05,REG-2,E0026,09/17/2025 17:04,PAYPAL,COMPLETED,,
TXN-000459,S04,REG-4,E0018,09/21/2024 15:16,PAYPAL,COMPLETED,C00125,
TXN-000460,S06,REG-4,E0027,06/15/2026 18:02,CREDIT_CARD,REFUNDED,,
TXN-000461,S01,REG-2,E0003,08/16/2024 14:55,GIFT_CARD,COMPLETED,C00137,
TXN-000463,S03,REG-4,E0016,03/03/2026 14:03,GIFT_CARD,COMPLETED,,SPRING26
TXN-000464,S03,REG-3,E0014,03/05/2025 16:13,PAYPAL,COMPLETED,C00110,SPRING25
TXN-000466,,REG-3,E0021,04/06/2025 10:40,STORE_CREDIT,COMPLETED,C00049,SPRING25
TXN-000467,S01,REG-1,E0003,08/13/2025 08:23,GIFT_CARD,COMPLETED,,
TXN-000468,S03,REG-2,E0016,09/01/2025 10:34,CREDIT_CARD,COMPLETED,,
TXN-000469,S05,REG-3,E0025,09/23/2025 14:06,CREDIT_CARD,COMPLETED,,
TXN-000470,S06,REG-1,E0030,12/25/2024 20:58,PAYPAL,COMPLETED,C00201,
TXN-000471,S03,REG-1,E0015,01/18/2025 16:52,GIFT_CARD,COMPLETED,,
TXN-000472,S05,REG-4,E0022,01/15/2026 10:25,STORE_CREDIT,COMPLETED,,
TXN-000473,S02,REG-1,E0007,05/07/2026 16:10,STORE_CREDIT,COMPLETED,,
TXN-000474,S03,REG-1,E0014,05/13/2024 15:40,STORE_CREDIT,COMPLETED,C00057,
TXN-000475,S01,REG-3,E0001,10/04/2025 08:40,PAYPAL,COMPLETED,,
TXN-000476,S01,REG-2,E0002,02/27/2025 09:31,GIFT_CARD,COMPLETED,,
TXN-000477,S03,REG-3,E0016,09/13/2025 08:07,PAYPAL,COMPLETED,C00002,
TXN-000478,S02,REG-3,E0009,01/24/2024 16:32,DEBIT_CARD,COMPLETED,,
TXN-000479,S06,REG-3,E0029,07/23/2024 09:22,GIFT_CARD,COMPLETED,C00127,
TXN-000480,S05,REG-4,E0023,02/06/2025 09:37,GIFT_CARD,COMPLETED,,
TXN-000481,S03,REG-4,E0015,02/04/2024 16:16,GIFT_CARD,COMPLETED,,
TXN-000483,S06,REG-2,E0027,04/15/2024 16:17,GIFT_CARD,COMPLETED,,
TXN-000486,S01,REG-1,E0003,04/10/2025 15:54,CREDIT_CARD,COMPLETED,,SPRING25
TXN-000487,S05,REG-4,E0021,07/14/2024 19:57,CREDIT_CARD,VOIDED,,
TXN-000488,S04,REG-2,E0019,12/03/2024 19:39,CREDIT_CARD,VOIDED,,
TXN-000489,S05,REG-3,E0024,11/15/2025 09:33,GIFT_CARD,COMPLETED,,
TXN-000490,S02,REG-2,E0012,06/12/2026 11:42,CREDIT_CARD,COMPLETED,,
TXN-000491,S03,REG-4,E0015,08/27/2025 20:33,CREDIT_CARD,VOIDED,C00040,
TXN-000493,S05,REG-3,E0024,07/10/2024 12:01,GIFT_CARD,COMPLETED,C00141,SUMMER24
TXN-000496,S05,REG-3,E0024,04/06/2024 10:32,PAYPAL,REFUNDED,C00177,SPRING24
TXN-000497,S04,REG-2,E0019,04/11/2025 10:00,DEBIT_CARD,COMPLETED,,SPRING25
TXN-000499,S03,REG-4,E0016,07/12/2025 12:42,STORE_CREDIT,COMPLETED,C00078,
TXN-000500,S02,REG-2,E0010,03/17/2025 13:13,STORE_CREDIT,COMPLETED,C00071,SPRING25
TXN-000501,S04,REG-4,E0020,12/19/2025 13:53,CREDIT_CARD,COMPLETED,C00203,
TXN-000502,S05,REG-4,E0025,11/28/2025 10:33,PAYPAL,COMPLETED,,BF2025
TXN-000505,S06,REG-4,E0028,11/26/2025 13:51,PAYPAL,COMPLETED,,
TXN-000507,S05,REG-2,E0023,02/24/2026 14:05,STORE_CREDIT,COMPLETED,,
TXN-000512,S01,REG-2,E0005,10/17/2024 15:07,STORE_CREDIT,COMPLETED,C00167,
TXN-000513,S02,REG-1,E0012,12/24/2025 16:24,GIFT_CARD,COMPLETED,C00185,HOLIDAY25
TXN-000516,S03,REG-3,E0013,05/17/2026 19:04,DEBIT_CARD,COMPLETED,C00179,
TXN-000518,S02,REG-2,E0011,01/15/2026 18:33,STORE_CREDIT,COMPLETED,C00092,
TXN-000520,S03,REG-4,E0016,09/04/2024 16:59,STORE_CREDIT,COMPLETED,,
TXN-000521,S01,REG-2,E0002,12/03/2024 20:42,CREDIT_CARD,COMPLETED,,
TXN-000522,S04,REG-3,E0020,05/23/2025 16:14,CREDIT_CARD,COMPLETED,,
TXN-000523,S01,REG-4,E0005,05/30/2026 14:43,DEBIT_CARD,COMPLETED,,
TXN-000526,S06,REG-3,E0028,11/05/2024 13:49,STORE_CREDIT,COMPLETED,C00082,
TXN-000529,S01,REG-2,E0005,11/08/2024 08:34,STORE_CREDIT,REFUNDED,C00213,
TXN-000530,S01,REG-2,E0001,03/12/2026 19:59,PAYPAL,COMPLETED,C00185,SPRING26
TXN-000534,S05,REG-4,E0022,05/15/2026 13:34,STORE_CREDIT,COMPLETED,,
TXN-000536,S03,REG-3,E0015,08/28/2025 08:06,DEBIT_CARD,COMPLETED,,
TXN-000537,S04,REG-1,E0019,09/13/2025 15:42,DEBIT_CARD,COMPLETED,,
TXN-000539,S02,REG-4,E0011,03/24/2024 14:26,DEBIT_CARD,COMPLETED,C00198,
TXN-000540,S02,REG-4,E0011,01/25/2024 19:10,GIFT_CARD,COMPLETED,,
TXN-000541,S06,REG-4,E0027,05/03/2025 19:08,GIFT_CARD,COMPLETED,,
TXN-000542,S04,REG-4,E0019,06/21/2025 17:32,DEBIT_CARD,COMPLETED,C00194,SUMMER25
TXN-000544,S05,REG-4,E0022,05/24/2024 09:13,STORE_CREDIT,COMPLETED,,
TXN-000545,S04,REG-2,E0019,05/15/2026 09:28,CREDIT_CARD,COMPLETED,,
TXN-000546,S03,REG-2,E0013,11/19/2025 20:04,PAYPAL,COMPLETED,,
TXN-000550,S03,REG-1,E0016,06/29/2024 15:20,GIFT_CARD,VOIDED,C00226,SUMMER24
TXN-000551,S02,REG-4,E0009,09/23/2024 08:17,DEBIT_CARD,COMPLETED,,
TXN-000556,S03,REG-1,E0014,05/03/2025 17:06,DEBIT_CARD,COMPLETED,C00025,
TXN-000557,S02,REG-2,E0007,09/15/2024 14:19,CREDIT_CARD,COMPLETED,C00154,
TXN-000558,S06,REG-1,E0027,06/10/2025 16:54,CREDIT_CARD,COMPLETED,C00020,SUMMER25
TXN-000559,S05,REG-3,E0024,03/10/2025 15:10,CREDIT_CARD,COMPLETED,,
TXN-000563,S01,REG-3,E0006,11/06/2025 11:04,DEBIT_CARD,COMPLETED,,
TXN-000564,S01,REG-4,E0002,01/01/2024 13:04,PAYPAL,COMPLETED,,
TXN-000566,S02,REG-1,E0011,02/28/2026 18:22,DEBIT_CARD,COMPLETED,,
TXN-000569,S01,REG-3,E0001,05/21/2026 10:05,STORE_CREDIT,COMPLETED,C00016,
TXN-000570,S06,REG-2,E0030,08/23/2025 19:23,DEBIT_CARD,COMPLETED,,
TXN-000572,S02,REG-2,E0007,11/21/2024 17:40,DEBIT_CARD,COMPLETED,,
TXN-000574,S04,REG-1,E0019,07/04/2025 17:13,PAYPAL,COMPLETED,,
TXN-000577,S03,REG-3,E0016,06/03/2025 09:26,PAYPAL,COMPLETED,C00132,SUMMER25
TXN-000581,S02,REG-3,E0008,08/23/2025 08:14,STORE_CREDIT,COMPLETED,,
TXN-000583,S02,REG-2,E0009,11/02/2025 14:51,CREDIT_CARD,COMPLETED,,
TXN-000586,S03,REG-2,E0013,12/31/2024 14:01,GIFT_CARD,COMPLETED,,
TXN-000588,S01,REG-1,E0004,05/30/2024 17:46,PAYPAL,COMPLETED,,
TXN-000589,S02,REG-3,E0012,11/06/2024 17:32,GIFT_CARD,COMPLETED,,
TXN-000591,S05,REG-2,E0023,04/26/2026 15:37,PAYPAL,COMPLETED,C00143,
TXN-000593,S02,REG-4,E0010,10/17/2024 16:47,CREDIT_CARD,COMPLETED,,
TXN-000595,S03,REG-2,E0016,06/24/2026 18:40,PAYPAL,COMPLETED,C00127,
TXN-000596,S06,REG-3,E0027,10/30/2025 14:26,CREDIT_CARD,COMPLETED,,
TXN-000597,S04,REG-1,E0019,06/07/2025 11:54,DEBIT_CARD,VOIDED,C00045,
TXN-000598,S05,REG-4,E0026,09/04/2024 20:11,DEBIT_CARD,COMPLETED,,
TXN-000599,S01,REG-4,E0004,06/06/2026 16:30,STORE_CREDIT,COMPLETED,,
TXN-000600,S05,REG-3,E0021,05/07/2024 09:09,DEBIT_CARD,VOIDED,C00106,
TXN-000601,S03,REG-1,E0015,04/14/2025 19:31,PAYPAL,COMPLETED,,
TXN-000603,S02,REG-2,E0009,02/02/2026 16:25,STORE_CREDIT,COMPLETED,C00219,
TXN-000605,S03,REG-2,E0013,11/11/2025 08:25,STORE_CREDIT,COMPLETED,C00137,
TXN-000606,S02,REG-2,E0012,09/10/2024 11:16,GIFT_CARD,COMPLETED,C00059,
TXN-000607,S05,REG-3,E0023,04/30/2026 09:57,STORE_CREDIT,COMPLETED,C00063,
TXN-000608,S03,REG-4,E0013,07/09/2025 17:13,GIFT_CARD,COMPLETED,C00029,SUMMER25
TXN-000609,S05,REG-2,E0023,10/08/2025 10:21,PAYPAL,COMPLETED,,
TXN-000612,S01,REG-1,E0004,03/11/2025 17:25,DEBIT_CARD,COMPLETED,,
TXN-000613,S05,REG-2,E0025,07/27/2025 19:12,DEBIT_CARD,COMPLETED,,
TXN-000617,S05,REG-1,E0023,05/01/2026 16:03,PAYPAL,COMPLETED,,
TXN-000618,S01,REG-2,E0006,04/24/2025 17:41,DEBIT_CARD,COMPLETED,C00120,
TXN-000620,S05,REG-1,E0022,08/11/2025 13:57,CREDIT_CARD,COMPLETED,,
TXN-000621,S01,REG-4,E0003,02/10/2024 20:08,PAYPAL,COMPLETED,C00169,
TXN-000622,S04,REG-3,E0017,01/28/2024 10:56,DEBIT_CARD,COMPLETED,,
TXN-000625,S04,REG-1,E0020,12/19/2025 09:41,PAYPAL,COMPLETED,,
TXN-000627,S01,REG-3,E0002,11/15/2025 10:23,PAYPAL,COMPLETED,,
TXN-000628,S06,REG-4,E0028,02/17/2024 16:24,CREDIT_CARD,COMPLETED,C00090,
TXN-000631,S04,REG-4,E0017,05/21/2026 08:47,CREDIT_CARD,COMPLETED,C00004,
TXN-000632,S05,REG-3,E0024,12/18/2024 11:40,STORE_CREDIT,COMPLETED,,
TXN-000633,S01,REG-1,E0003,11/15/2025 13:48,DEBIT_CARD,COMPLETED,,
TXN-000634,S05,REG-3,E0022,05/31/2025 10:25,DEBIT_CARD,COMPLETED,C00057,
TXN-000636,S02,REG-4,E0012,09/14/2024 19:35,GIFT_CARD,COMPLETED,C00018,
TXN-000639,S01,REG-1,E0006,02/11/2024 14:53,GIFT_CARD,COMPLETED,,
TXN-000640,S04,REG-2,E0020,05/20/2026 18:31,PAYPAL,COMPLETED,,
TXN-000641,,REG-3,E0024,05/12/2025 11:37,GIFT_CARD,COMPLETED,,
TXN-000642,S04,REG-4,E0017,02/10/2024 13:41,GIFT_CARD,COMPLETED,,
TXN-000644,S05,REG-4,E0026,03/23/2026 10:13,DEBIT_CARD,COMPLETED,C00193,
TXN-000645,S02,REG-4,E0010,02/19/2025 13:39,PAYPAL,COMPLETED,C00182,
TXN-000647,S01,REG-3,E0002,03/25/2024 13:14,DEBIT_CARD,COMPLETED,C00071,SPRING24
TXN-000648,S04,REG-4,E0020,10/30/2024 11:01,DEBIT_CARD,COMPLETED,,
TXN-000651,S04,REG-4,E0018,01/15/2026 08:45,PAYPAL,COMPLETED,C00116,
TXN-000653,S01,REG-4,E0003,01/31/2024 18:59,GIFT_CARD,COMPLETED,C00104,
TXN-000656,S04,REG-1,E0017,12/24/2025 20:11,CREDIT_CARD,COMPLETED,C00138,HOLIDAY25
TXN-000657,S04,REG-1,E0020,09/09/2025 10:39,PAYPAL,COMPLETED,,
TXN-000659,S04,REG-1,E0017,03/21/2025 14:05,GIFT_CARD,COMPLETED,C00157,SPRING25
TXN-000662,S02,REG-3,E0009,11/06/2025 13:11,STORE_CREDIT,COMPLETED,,
TXN-000663,S02,REG-3,E0010,02/27/2025 14:17,CREDIT_CARD,COMPLETED,,
TXN-000664,S03,REG-1,E0015,11/28/2025 19:59,CREDIT_CARD,COMPLETED,,
TXN-000665,S01,REG-3,E0002,07/07/2024 09:48,GIFT_CARD,COMPLETED,C00113,
TXN-000666,S02,REG-3,E0008,01/24/2025 10:18,CREDIT_CARD,COMPLETED,,
TXN-000667,S06,REG-1,E0029,07/01/2025 08:39,CREDIT_CARD,COMPLETED,C00027,SUMMER25
TXN-000668,S04,REG-2,E0020,10/22/2025 14:18,PAYPAL,REFUNDED,C00126,
TXN-000669,S04,REG-4,E0019,06/22/2026 10:23,STORE_CREDIT,COMPLETED,C00106,
TXN-000670,S04,REG-4,E0020,03/03/2025 15:46,STORE_CREDIT,COMPLETED,,SPRING25
TXN-000671,S04,REG-4,E0020,01/16/2026 18:50,GIFT_CARD,COMPLETED,,
TXN-000672,S01,REG-2,E0002,05/02/2026 20:55,STORE_CREDIT,COMPLETED,,
TXN-000675,S06,REG-2,E0030,09/25/2025 14:10,DEBIT_CARD,VOIDED,,
TXN-000677,S03,REG-3,E0015,03/20/2026 18:12,STORE_CREDIT,VOIDED,C00202,
TXN-000680,S05,REG-2,E0021,03/27/2024 20:42,DEBIT_CARD,COMPLETED,,
TXN-000681,S01,REG-3,E0001,08/08/2025 20:15,STORE_CREDIT,VOIDED,,
TXN-000682,S06,REG-4,E0027,06/11/2026 15:40,CREDIT_CARD,COMPLETED,,
TXN-000686,S01,REG-1,E0005,03/05/2024 15:22,GIFT_CARD,REFUNDED,,
TXN-000687,S01,REG-4,E0005,01/05/2025 19:43,GIFT_CARD,COMPLETED,,
TXN-000688,S04,REG-2,E0019,12/08/2025 13:26,DEBIT_CARD,COMPLETED,,
TXN-000690,S01,REG-1,E0003,11/12/2025 08:22,STORE_CREDIT,VOIDED,,
TXN-000691,,REG-3,,05/12/2024 16:18,STORE_CREDIT,COMPLETED,,
TXN-000692,S03,REG-4,E0016,09/09/2024 11:20,DEBIT_CARD,COMPLETED,C00148,
TXN-000693,S01,REG-1,E0003,09/12/2024 15:36,STORE_CREDIT,COMPLETED,,
TXN-000695,,REG-1,E0016,05/09/2025 16:09,DEBIT_CARD,COMPLETED,C00138,
TXN-000700,S02,REG-4,E0008,02/13/2024 08:14,GIFT_CARD,COMPLETED,C00100,
TXN-000701,S01,REG-4,E0001,11/16/2025 19:44,GIFT_CARD,COMPLETED,,
TXN-000702,S02,REG-2,E0010,06/21/2026 13:32,STORE_CREDIT,COMPLETED,C00002,
TXN-000704,S06,REG-2,E0029,06/14/2026 11:12,PAYPAL,VOIDED,,
TXN-000708,S03,REG-1,E0013,06/09/2026 17:44,DEBIT_CARD,VOIDED,,
TXN-000712,S05,REG-3,E0026,05/30/2026 18:09,DEBIT_CARD,REFUNDED,,
TXN-000713,S03,REG-3,E0016,01/27/2026 11:43,STORE_CREDIT,COMPLETED,C00215,
TXN-000714,S05,REG-3,E0021,07/11/2024 19:00,PAYPAL,COMPLETED,,SUMMER24
TXN-000716,S06,REG-2,E0030,05/04/2025 18:39,GIFT_CARD,COMPLETED,C00090,
TXN-000718,S04,REG-2,E0017,11/22/2025 20:01,GIFT_CARD,COMPLETED,C00071,
TXN-000719,S02,REG-2,E0007,05/07/2026 09:12,DEBIT_CARD,COMPLETED,C00207,
TXN-000721,S05,REG-4,E0022,09/26/2024 18:22,DEBIT_CARD,COMPLETED,C00042,
TXN-000722,S01,REG-2,E0005,03/19/2026 18:11,GIFT_CARD,COMPLETED,C00038,SPRING26
TXN-000723,S05,REG-2,E0025,01/13/2024 09:33,DEBIT_CARD,COMPLETED,,
TXN-000724,S01,REG-1,E0004,05/10/2024 16:09,DEBIT_CARD,COMPLETED,,
TXN-000725,S02,REG-1,E0012,01/17/2025 14:28,GIFT_CARD,COMPLETED,,
TXN-000726,S06,REG-4,E0028,02/01/2024 14:04,PAYPAL,OPEN,C00095,
TXN-000727,S05,REG-2,E0022,07/27/2025 18:38,PAYPAL,COMPLETED,,
TXN-000728,S03,REG-3,E0016,12/09/2024 16:43,DEBIT_CARD,COMPLETED,,
TXN-000730,S03,REG-3,E0016,01/04/2024 09:12,PAYPAL,COMPLETED,C00141,
TXN-000731,S03,REG-1,E0013,03/31/2026 08:02,GIFT_CARD,COMPLETED,C00033,SPRING26
TXN-000733,S01,REG-2,E0002,04/24/2026 14:13,PAYPAL,COMPLETED,C00158,
TXN-000734,S05,REG-3,E0024,09/01/2024 18:19,GIFT_CARD,COMPLETED,,
TXN-000735,S04,REG-2,E0018,01/22/2024 15:32,GIFT_CARD,COMPLETED,,
TXN-000738,S02,REG-3,E0007,08/22/2025 18:33,DEBIT_CARD,COMPLETED,,
TXN-000742,S04,REG-1,E0018,01/22/2024 16:32,DEBIT_CARD,COMPLETED,,
TXN-000743,S06,REG-3,E0030,10/21/2024 15:33,GIFT_CARD,COMPLETED,C00104,
TXN-000745,S04,REG-3,E0020,01/17/2024 11:57,GIFT_CARD,COMPLETED,C00096,
TXN-000748,S06,REG-1,E0027,02/07/2024 18:49,GIFT_CARD,COMPLETED,C00097,
TXN-000749,S04,REG-3,E0018,05/16/2024 11:26,DEBIT_CARD,COMPLETED,C00066,
TXN-000750,S02,REG-2,E0010,09/28/2024 19:30,GIFT_CARD,COMPLETED,C00127,
TXN-000751,S05,REG-3,E0025,06/08/2024 18:43,DEBIT_CARD,COMPLETED,,SUMMER24
TXN-000752,S03,REG-3,E0015,01/11/2026 14:03,DEBIT_CARD,COMPLETED,,
TXN-000753,S03,REG-3,E0013,01/30/2026 14:26,CREDIT_CARD,COMPLETED,C00124,
TXN-000754,S04,REG-1,E0020,05/01/2024 12:15,PAYPAL,COMPLETED,C00111,
TXN-000756,S06,REG-4,E0029,05/13/2026 13:43,PAYPAL,COMPLETED,,
TXN-000757,S05,REG-1,E0025,05/17/2025 09:17,GIFT_CARD,COMPLETED,C00073,
TXN-000758,S04,REG-2,E0020,06/05/2025 12:18,PAYPAL,COMPLETED,,
TXN-000761,S03,REG-1,E0016,07/07/2024 08:55,DEBIT_CARD,COMPLETED,,SUMMER24
TXN-000762,S06,REG-4,E0029,02/09/2024 20:00,STORE_CREDIT,COMPLETED,,
TXN-000763,S05,REG-4,E0025,10/07/2024 16:25,CREDIT_CARD,COMPLETED,,
TXN-000764,S05,REG-3,E0025,06/18/2026 14:59,GIFT_CARD,COMPLETED,,
TXN-000765,S04,REG-1,E0017,02/11/2024 11:52,PAYPAL,COMPLETED,,
TXN-000767,S04,REG-3,E0018,06/22/2024 18:18,PAYPAL,COMPLETED,C00042,SUMMER24
TXN-000768,S03,REG-1,E0014,03/08/2024 20:49,STORE_CREDIT,COMPLETED,,
TXN-000769,S01,REG-3,E0001,01/12/2026 08:58,STORE_CREDIT,COMPLETED,,
TXN-000770,S04,REG-4,E0018,03/18/2025 09:51,STORE_CREDIT,COMPLETED,,SPRING25
TXN-000771,S04,REG-2,E0019,03/10/2026 15:35,DEBIT_CARD,COMPLETED,,SPRING26
TXN-000772,S01,REG-4,E0003,01/16/2025 18:21,STORE_CREDIT,COMPLETED,,
TXN-000773,S01,REG-4,E0003,03/11/2025 12:02,GIFT_CARD,COMPLETED,,
TXN-000775,S01,REG-1,E0006,07/17/2025 20:34,PAYPAL,COMPLETED,C00223,
TXN-000776,S04,REG-3,E0017,05/03/2025 08:30,DEBIT_CARD,COMPLETED,,
TXN-000779,S02,REG-2,E0012,05/24/2025 08:07,STORE_CREDIT,COMPLETED,,
TXN-000781,S04,REG-1,E0018,01/22/2025 18:33,DEBIT_CARD,COMPLETED,C00100,
TXN-000785,S05,REG-4,E0024,01/21/2024 13:49,CREDIT_CARD,COMPLETED,,
TXN-000786,S02,REG-3,E0008,12/31/2024 09:24,DEBIT_CARD,COMPLETED,C00087,
TXN-000787,S05,REG-2,E0024,01/26/2026 09:06,PAYPAL,VOIDED,,
TXN-000788,S06,REG-3,E0030,08/24/2025 14:07,CREDIT_CARD,COMPLETED,C00061,
TXN-000789,S04,REG-2,E0019,05/12/2026 15:52,STORE_CREDIT,COMPLETED,C00150,
TXN-000790,S02,REG-1,E0008,10/04/2025 17:01,DEBIT_CARD,COMPLETED,,
TXN-000793,S01,REG-2,E0002,09/23/2024 17:13,CREDIT_CARD,COMPLETED,,
TXN-000795,S05,REG-1,E0022,03/19/2026 11:44,STORE_CREDIT,COMPLETED,C00109,SPRING26
TXN-000797,S01,REG-4,E0006,01/30/2026 20:40,STORE_CREDIT,COMPLETED,,
TXN-000800,S06,REG-4,E0027,04/21/2026 10:50,GIFT_CARD,COMPLETED,C00161,
TXN-000801,S06,REG-2,E0028,12/29/2024 20:01,CREDIT_CARD,COMPLETED,C00069,
TXN-000802,S05,REG-2,E0022,04/30/2025 15:56,CREDIT_CARD,COMPLETED,,
TXN-000803,S02,REG-2,E0007,11/13/2025 19:19,PAYPAL,COMPLETED,,
TXN-000804,S01,REG-2,E0002,01/17/2025 20:18,PAYPAL,COMPLETED,,
TXN-000807,S06,REG-1,E0028,09/13/2025 11:15,DEBIT_CARD,COMPLETED,,
TXN-000808,S04,REG-2,E0019,03/26/2024 20:39,STORE_CREDIT,COMPLETED,,SPRING24
TXN-000812,S01,REG-1,E0001,02/03/2026 10:27,DEBIT_CARD,COMPLETED,,
TXN-000813,S03,REG-2,E0015,08/05/2024 09:11,DEBIT_CARD,COMPLETED,C00111,
TXN-000817,S06,REG-1,E0028,07/02/2025 20:23,STORE_CREDIT,COMPLETED,C00027,SUMMER25
TXN-000818,S01,REG-3,E0004,03/16/2025 14:36,GIFT_CARD,COMPLETED,,
TXN-000821,S02,REG-4,E0008,04/10/2024 18:53,CREDIT_CARD,COMPLETED,C00087,SPRING24
TXN-000823,S04,REG-3,E0017,04/23/2026 08:03,STORE_CREDIT,COMPLETED,,
TXN-000824,S02,REG-3,E0011,03/03/2026 10:55,PAYPAL,COMPLETED,,
TXN-000826,S01,REG-4,E0004,09/08/2025 09:49,DEBIT_CARD,COMPLETED,,
TXN-000827,S02,REG-3,E0009,11/17/2024 13:45,GIFT_CARD,COMPLETED,,
TXN-000830,S06,REG-4,E0029,10/18/2024 08:15,DEBIT_CARD,COMPLETED,,
TXN-000832,S06,REG-1,E0027,08/22/2024 17:48,GIFT_CARD,COMPLETED,C00151,
TXN-000835,S03,REG-4,E0013,06/11/2024 10:57,STORE_CREDIT,COMPLETED,,
TXN-000836,S05,REG-4,E0025,03/27/2024 12:22,GIFT_CARD,COMPLETED,,
TXN-000838,S03,REG-4,E0014,01/05/2026 10:53,STORE_CREDIT,COMPLETED,,
TXN-000839,S03,REG-4,E0016,10/02/2024 08:42,STORE_CREDIT,COMPLETED,,
TXN-000840,S03,REG-1,E0015,10/13/2024 16:11,STORE_CREDIT,COMPLETED,,
TXN-000841,S02,REG-4,E0011,03/19/2026 14:53,PAYPAL,COMPLETED,C00088,
TXN-000842,S03,REG-4,E0016,12/11/2024 19:59,STORE_CREDIT,COMPLETED,,
TXN-000843,S04,REG-1,E0019,08/16/2024 16:06,PAYPAL,COMPLETED,,
TXN-000844,S01,REG-2,E0004,11/22/2025 16:52,PAYPAL,COMPLETED,C00013,
TXN-000846,S02,REG-3,E0010,03/22/2026 09:02,STORE_CREDIT,COMPLETED,C00032,
TXN-000848,S03,REG-1,E0015,10/09/2025 13:46,DEBIT_CARD,VOIDED,,
TXN-000850,S05,REG-4,E0022,01/06/2024 13:21,CREDIT_CARD,COMPLETED,C00143,
TXN-000852,S01,REG-2,E0005,01/12/2025 12:13,CREDIT_CARD,COMPLETED,,
TXN-000855,S06,REG-1,E0030,04/02/2024 16:52,CREDIT_CARD,COMPLETED,C00142,
TXN-000856,S05,REG-1,E0022,01/15/2026 11:59,STORE_CREDIT,COMPLETED,,
TXN-000857,S05,REG-4,E0022,01/07/2025 19:15,CREDIT_CARD,COMPLETED,C00079,
TXN-000858,S01,REG-2,E0002,03/04/2026 15:39,GIFT_CARD,COMPLETED,C00218,
TXN-000861,S04,REG-2,E0020,06/23/2026 08:16,PAYPAL,COMPLETED,,
TXN-000862,S01,REG-3,E0002,03/03/2024 20:53,GIFT_CARD,COMPLETED,C00078,SPRING24
TXN-000863,S05,REG-3,E0021,12/21/2024 10:13,STORE_CREDIT,COMPLETED,,
TXN-000865,S01,REG-3,E0001,04/27/2024 17:49,DEBIT_CARD,COMPLETED,C00027,
TXN-000870,S02,REG-4,E0007,01/28/2024 12:04,PAYPAL,COMPLETED,,
TXN-000871,S05,REG-4,E0026,08/21/2024 10:08,DEBIT_CARD,COMPLETED,C00067,
TXN-000873,S02,REG-3,E0009,09/09/2024 12:30,CREDIT_CARD,COMPLETED,C00029,
TXN-000874,S04,REG-2,E0018,01/28/2024 20:58,CREDIT_CARD,COMPLETED,,
TXN-000875,S06,REG-1,E0027,02/01/2024 19:06,GIFT_CARD,COMPLETED,C00131,
TXN-000876,S03,REG-4,E0015,08/22/2024 13:05,GIFT_CARD,COMPLETED,C00126,
TXN-000878,S01,REG-3,E0001,04/30/2026 10:44,CREDIT_CARD,COMPLETED,C00104,
TXN-000879,S03,REG-4,E0014,09/15/2024 08:01,STORE_CREDIT,COMPLETED,,
TXN-000884,S02,REG-3,E0007,05/31/2025 20:37,STORE_CREDIT,COMPLETED,C00006,
TXN-000885,S05,REG-1,E0023,01/25/2026 11:36,CREDIT_CARD,COMPLETED,C00139,
TXN-000888,S02,REG-3,E0008,02/15/2024 15:57,STORE_CREDIT,COMPLETED,,
TXN-000889,S04,REG-4,E0018,05/29/2026 20:42,PAYPAL,COMPLETED,,
TXN-000890,S03,REG-1,E0014,01/30/2025 10:10,CREDIT_CARD,COMPLETED,,
TXN-000892,S03,REG-4,E0014,05/01/2025 19:26,STORE_CREDIT,COMPLETED,C00066,
TXN-000894,S06,REG-3,E0029,02/04/2026 09:49,CREDIT_CARD,COMPLETED,,
TXN-000895,S05,REG-3,E0024,02/07/2025 18:24,DEBIT_CARD,COMPLETED,C00159,
TXN-000896,S06,REG-3,E0028,02/20/2024 09:07,PAYPAL,COMPLETED,,
TXN-000901,S02,REG-1,E0008,01/10/2024 19:59,GIFT_CARD,COMPLETED,C00076,
TXN-000902,S05,REG-2,E0023,04/12/2024 09:23,CREDIT_CARD,COMPLETED,,
TXN-000903,S04,REG-1,E0018,08/25/2025 16:25,PAYPAL,COMPLETED,,
TXN-000906,S01,REG-3,E0002,05/29/2024 11:54,PAYPAL,COMPLETED,C00183,
TXN-000907,S01,REG-3,E0004,07/22/2025 16:24,CREDIT_CARD,COMPLETED,C00168,
TXN-000909,S05,REG-1,E0022,01/03/2025 12:16,STORE_CREDIT,COMPLETED,,
TXN-000910,S06,REG-3,E0030,06/08/2025 18:16,STORE_CREDIT,COMPLETED,C00109,SUMMER25
TXN-000911,S04,REG-4,E0019,06/01/2026 19:38,DEBIT_CARD,COMPLETED,,
TXN-000912,S01,REG-3,E0006,06/25/2024 16:55,CREDIT_CARD,COMPLETED,,SUMMER24
TXN-000916,S01,REG-2,E0003,01/30/2026 17:24,GIFT_CARD,COMPLETED,,
TXN-000917,S05,REG-1,E0023,08/18/2024 12:00,STORE_CREDIT,COMPLETED,,
TXN-000919,S01,REG-1,E0003,11/07/2025 18:31,PAYPAL,COMPLETED,C00152,
TXN-000920,S05,REG-3,E0025,01/02/2025 15:54,PAYPAL,COMPLETED,,
TXN-000922,S04,REG-3,E0019,12/24/2025 09:42,STORE_CREDIT,COMPLETED,C00201,
TXN-000923,S03,REG-4,E0014,06/21/2026 12:46,PAYPAL,COMPLETED,,
TXN-000925,S02,REG-2,E0011,05/19/2024 12:54,PAYPAL,COMPLETED,,
TXN-000927,S06,REG-4,E0027,05/14/2026 15:56,CREDIT_CARD,COMPLETED,C00021,
TXN-000929,S01,REG-1,E0004,09/01/2025 12:17,STORE_CREDIT,REFUNDED,C00160,
TXN-000934,S01,REG-2,E0005,04/18/2025 20:32,GIFT_CARD,COMPLETED,,
TXN-000935,S01,REG-4,E0006,03/26/2024 18:11,STORE_CREDIT,COMPLETED,,SPRING24
TXN-000936,S02,REG-2,E0009,12/11/2024 11:55,STORE_CREDIT,COMPLETED,C00151,
TXN-000937,S01,REG-3,E0003,05/14/2026 10:29,CREDIT_CARD,VOIDED,,
TXN-000938,S01,REG-3,E0002,09/28/2025 11:19,PAYPAL,VOIDED,,
TXN-000941,S03,REG-1,E0014,08/06/2025 12:19,DEBIT_CARD,COMPLETED,,
TXN-000942,S02,REG-3,E0009,11/16/2024 12:08,CREDIT_CARD,COMPLETED,,
TXN-000943,S06,REG-4,E0030,01/24/2026 20:02,STORE_CREDIT,COMPLETED,,
TXN-000944,S03,REG-4,E0016,11/25/2025 13:59,DEBIT_CARD,COMPLETED,,
TXN-000945,S04,REG-1,E0017,07/10/2024 09:16,CREDIT_CARD,VOIDED,C00001,SUMMER24
TXN-000947,S05,REG-1,E0021,05/15/2025 19:00,DEBIT_CARD,COMPLETED,C00029,
TXN-000949,S02,REG-2,E0011,06/07/2024 16:58,CREDIT_CARD,COMPLETED,,SUMMER24
TXN-000951,S06,REG-1,E0027,10/12/2024 18:13,DEBIT_CARD,COMPLETED,C00093,
TXN-000952,S01,REG-2,E0003,01/14/2024 10:02,DEBIT_CARD,VOIDED,C00057,
TXN-000954,S06,REG-2,E0027,04/01/2024 14:43,DEBIT_CARD,COMPLETED,C00222,SPRING24
TXN-000955,S01,REG-4,E0005,03/31/2026 11:07,GIFT_CARD,COMPLETED,,SPRING26
TXN-000956,S03,REG-2,E0015,11/06/2024 17:18,DEBIT_CARD,COMPLETED,,
TXN-000958,S05,REG-1,E0026,02/10/2024 16:47,DEBIT_CARD,COMPLETED,,
TXN-000960,S01,REG-1,E0001,07/26/2024 08:51,GIFT_CARD,VOIDED,C00218,
TXN-000961,S06,REG-4,E0029,12/30/2025 19:51,STORE_CREDIT,COMPLETED,,
TXN-000962,S01,REG-1,E0005,01/13/2025 08:34,PAYPAL,COMPLETED,,
TXN-000964,S01,REG-4,E0004,11/20/2024 12:13,DEBIT_CARD,COMPLETED,,
TXN-000965,S05,REG-4,E0023,12/03/2025 19:07,STORE_CREDIT,COMPLETED,,
TXN-000966,S06,REG-4,E0030,09/22/2024 12:54,DEBIT_CARD,COMPLETED,C00050,
TXN-000968,S03,REG-1,E0015,07/03/2025 09:01,DEBIT_CARD,COMPLETED,C00012,SUMMER25
TXN-000969,S02,REG-1,E0010,08/20/2024 17:44,DEBIT_CARD,COMPLETED,C00178,
TXN-000970,S05,REG-3,E0024,09/29/2025 13:22,DEBIT_CARD,COMPLETED,C00007,
TXN-000971,S05,REG-3,E0022,09/22/2025 11:57,DEBIT_CARD,COMPLETED,,
TXN-000972,S01,REG-4,E0005,04/03/2024 08:35,CREDIT_CARD,COMPLETED,,SPRING24
TXN-000976,S04,REG-3,E0019,02/26/2024 12:25,PAYPAL,COMPLETED,,
TXN-000979,S04,REG-2,E0019,08/04/2024 17:20,DEBIT_CARD,COMPLETED,C00206,
TXN-000981,S04,REG-1,E0020,01/03/2026 14:57,STORE_CREDIT,COMPLETED,C00117,
TXN-000982,S06,REG-2,E0030,02/21/2026 08:29,DEBIT_CARD,COMPLETED,C00091,
TXN-000984,S04,REG-2,E0020,11/09/2024 12:34,PAYPAL,COMPLETED,,
TXN-000985,S03,REG-3,E0015,12/21/2024 14:44,DEBIT_CARD,COMPLETED,,HOLIDAY24
TXN-000986,S02,REG-4,E0009,01/01/2025 10:36,CREDIT_CARD,COMPLETED,C00095,
TXN-000988,S05,REG-2,E0021,03/15/2026 09:50,STORE_CREDIT,COMPLETED,C00155,SPRING26
TXN-000990,S02,REG-4,E0011,09/11/2025 19:30,STORE_CREDIT,COMPLETED,,
TXN-000992,S02,REG-1,E0012,03/19/2025 12:24,DEBIT_CARD,COMPLETED,,SPRING25
TXN-000996,S01,REG-4,E0006,02/21/2024 10:56,CREDIT_CARD,COMPLETED,,
TXN-000997,S03,REG-2,E0016,06/16/2024 10:52,DEBIT_CARD,COMPLETED,,SUMMER24
TXN-000999,S04,REG-3,E0019,05/05/2024 18:57,GIFT_CARD,COMPLETED,,
TXN-001001,S03,REG-4,E0016,04/13/2026 19:26,GIFT_CARD,REFUNDED,,
TXN-001002,S04,REG-1,E0018,10/17/2025 16:14,CREDIT_CARD,COMPLETED,,
TXN-001003,S03,REG-2,E0015,12/17/2024 14:25,GIFT_CARD,COMPLETED,,
TXN-001007,S05,REG-1,E0024,03/29/2025 08:19,GIFT_CARD,COMPLETED,C00085,SPRING25
TXN-001008,S06,REG-2,E0029,09/20/2025 18:24,GIFT_CARD,COMPLETED,C00224,
TXN-001009,S03,REG-2,E0014,07/08/2024 15:58,GIFT_CARD,COMPLETED,C00146,
TXN-001012,S06,REG-1,E0029,11/10/2025 12:39,STORE_CREDIT,COMPLETED,,
TXN-001013,S01,REG-1,E0006,05/22/2026 11:45,DEBIT_CARD,COMPLETED,C00039,
TXN-001015,S06,REG-1,E0027,11/08/2024 20:08,STORE_CREDIT,COMPLETED,,
TXN-001016,S06,REG-3,E0028,03/04/2026 19:07,DEBIT_CARD,COMPLETED,C00047,SPRING26
TXN-001017,S05,REG-1,E0025,03/25/2026 09:18,GIFT_CARD,OPEN,C00222,
TXN-001018,S06,REG-4,E0027,01/22/2024 19:44,STORE_CREDIT,COMPLETED,,
TXN-001019,S02,REG-2,E0011,07/02/2024 12:15,DEBIT_CARD,VOIDED,C00091,SUMMER24
TXN-001020,S05,REG-1,E0024,07/23/2025 11:56,GIFT_CARD,COMPLETED,C00053,
TXN-001021,S02,REG-1,E0008,03/06/2026 09:00,DEBIT_CARD,COMPLETED,C00041,SPRING26
TXN-001022,S04,REG-3,E0020,01/23/2026 19:01,PAYPAL,COMPLETED,,
TXN-001024,S04,REG-2,E0020,01/20/2025 13:44,CREDIT_CARD,REFUNDED,,
TXN-001026,,REG-2,E0013,02/25/2025 14:37,CREDIT_CARD,REFUNDED,C00159,
TXN-001027,S01,REG-3,E0004,09/14/2025 20:32,PAYPAL,COMPLETED,C00215,
TXN-001030,S02,REG-1,E0007,05/03/2026 12:22,CREDIT_CARD,COMPLETED,,
TXN-001034,S03,REG-3,E0014,03/08/2025 16:57,DEBIT_CARD,COMPLETED,,
TXN-001037,S02,REG-3,E0009,11/16/2024 08:31,STORE_CREDIT,COMPLETED,C00056,
TXN-001038,S01,REG-4,E0006,05/10/2024 18:11,GIFT_CARD,OPEN,,
TXN-001039,S03,REG-1,E0014,11/28/2024 10:11,PAYPAL,COMPLETED,,
TXN-001040,S04,REG-1,E0017,12/01/2024 15:23,CREDIT_CARD,COMPLETED,,BF2024
TXN-001042,S04,REG-1,E0017,08/15/2024 11:07,STORE_CREDIT,COMPLETED,,
TXN-001045,S03,REG-1,E0015,06/28/2026 14:40,CREDIT_CARD,COMPLETED,C00148,
TXN-001048,S02,REG-2,E0011,12/28/2025 17:22,DEBIT_CARD,REFUNDED,,
TXN-001049,S06,REG-1,E0027,01/18/2026 16:38,STORE_CREDIT,COMPLETED,,
TXN-001050,S05,REG-3,E0021,02/17/2026 10:33,DEBIT_CARD,COMPLETED,,
TXN-001051,S06,REG-1,E0028,06/27/2026 08:47,PAYPAL,COMPLETED,C00148,
TXN-001052,S03,REG-3,E0013,01/17/2025 09:40,PAYPAL,REFUNDED,,
TXN-001058,S06,REG-1,E0030,06/11/2024 16:38,STORE_CREDIT,COMPLETED,,SUMMER24
TXN-001059,S01,REG-4,E0001,04/16/2026 19:43,PAYPAL,COMPLETED,C00119,
TXN-001061,S04,REG-2,E0017,09/26/2024 18:16,DEBIT_CARD,COMPLETED,C00059,
TXN-001063,S01,REG-3,E0006,10/03/2024 13:48,GIFT_CARD,COMPLETED,,
TXN-001064,S01,REG-3,E0001,03/11/2025 20:35,CREDIT_CARD,REFUNDED,,SPRING25
TXN-001065,S04,REG-2,E0019,06/03/2025 15:13,PAYPAL,COMPLETED,,SUMMER25
TXN-001066,S01,REG-2,E0002,04/25/2026 18:55,DEBIT_CARD,COMPLETED,C00035,
TXN-001070,S01,REG-2,E0006,07/16/2024 12:24,STORE_CREDIT,COMPLETED,,
TXN-001072,S01,REG-1,E0001,05/19/2024 13:51,CREDIT_CARD,COMPLETED,,
TXN-001074,S02,REG-1,E0008,02/16/2026 12:18,DEBIT_CARD,COMPLETED,,
TXN-001075,S04,REG-1,E0020,08/20/2025 12:19,DEBIT_CARD,COMPLETED,,
TXN-001076,S06,REG-3,E0029,11/24/2025 10:17,DEBIT_CARD,COMPLETED,,
TXN-001077,S01,REG-4,E0002,11/23/2024 16:37,PAYPAL,COMPLETED,C00104,
TXN-001079,S03,REG-1,E0014,01/17/2026 18:08,GIFT_CARD,COMPLETED,,
TXN-001081,S02,REG-1,E0007,01/02/2025 13:00,DEBIT_CARD,COMPLETED,,
TXN-001083,S05,REG-3,E0026,08/18/2025 18:34,CREDIT_CARD,COMPLETED,,
TXN-001084,S01,REG-2,E0006,12/01/2025 11:15,STORE_CREDIT,COMPLETED,C00022,
TXN-001085,S03,REG-2,E0014,07/22/2025 18:23,CREDIT_CARD,REFUNDED,,
TXN-001087,S06,REG-2,E0027,10/21/2025 19:01,STORE_CREDIT,VOIDED,,
TXN-001088,S03,REG-1,E0014,05/19/2024 15:14,GIFT_CARD,COMPLETED,,
TXN-001089,S02,REG-3,E0011,09/26/2025 09:49,GIFT_CARD,VOIDED,C00141,
TXN-001091,S05,REG-4,E0022,02/25/2024 09:08,DEBIT_CARD,COMPLETED,,
TXN-001094,S05,REG-3,E0022,03/07/2025 09:31,DEBIT_CARD,COMPLETED,,
TXN-001095,S05,REG-4,E0024,06/05/2024 10:17,PAYPAL,COMPLETED,C00114,
TXN-001098,S01,REG-3,E0006,03/23/2024 16:09,STORE_CREDIT,COMPLETED,,SPRING24
TXN-001099,S01,REG-2,E0003,02/18/2025 14:16,DEBIT_CARD,COMPLETED,,
TXN-001100,S05,REG-2,E0024,02/15/2025 08:19,CREDIT_CARD,COMPLETED,C00062,
TXN-001101,S02,REG-3,E0009,04/06/2026 12:02,GIFT_CARD,COMPLETED,,
TXN-001103,S06,REG-2,E0027,12/14/2024 11:21,GIFT_CARD,COMPLETED,C00043,HOLIDAY24
TXN-001104,S06,REG-2,E0030,04/26/2025 10:08,DEBIT_CARD,COMPLETED,,
TXN-001105,S03,REG-3,E0016,11/20/2025 19:45,PAYPAL,COMPLETED,,
TXN-001107,S03,REG-3,E0014,12/07/2025 09:15,GIFT_CARD,COMPLETED,C00189,
TXN-001108,S02,REG-3,E0009,04/12/2026 18:33,STORE_CREDIT,COMPLETED,,
TXN-001109,S06,REG-1,E0030,01/25/2024 08:19,PAYPAL,COMPLETED,,
TXN-001110,S05,REG-1,E0024,01/06/2026 13:48,DEBIT_CARD,VOIDED,C00183,
TXN-001111,S01,REG-2,E0003,04/19/2026 20:37,CREDIT_CARD,COMPLETED,C00087,
TXN-001114,S04,REG-3,E0018,01/28/2025 20:16,GIFT_CARD,COMPLETED,,
TXN-001115,S02,REG-4,E0010,05/30/2025 13:45,GIFT_CARD,COMPLETED,,
TXN-001116,S06,REG-1,E0028,05/27/2024 15:04,GIFT_CARD,COMPLETED,C00141,
TXN-001118,S01,REG-1,E0003,04/30/2025 11:36,CREDIT_CARD,COMPLETED,,
TXN-001120,S02,REG-4,E0012,07/30/2024 10:03,GIFT_CARD,COMPLETED,C00028,
TXN-001122,S06,REG-1,E0030,07/02/2024 10:01,PAYPAL,COMPLETED,,
TXN-001123,S01,REG-4,E0002,01/26/2024 09:28,CREDIT_CARD,COMPLETED,,
TXN-001125,S05,REG-3,E0023,09/22/2025 19:39,DEBIT_CARD,COMPLETED,,
TXN-001128,S05,REG-2,E0024,04/08/2025 19:00,PAYPAL,COMPLETED,,
TXN-001129,S03,REG-4,E0014,03/20/2024 13:49,CREDIT_CARD,COMPLETED,C00067,SPRING24
TXN-001130,S01,REG-2,E0001,04/04/2026 13:22,PAYPAL,COMPLETED,C00058,
TXN-001131,S02,REG-4,E0008,08/01/2024 17:12,DEBIT_CARD,COMPLETED,,
TXN-001132,S04,REG-4,E0019,04/02/2024 10:56,STORE_CREDIT,REFUNDED,,SPRING24
TXN-001135,S03,REG-2,E0015,11/06/2025 19:56,CREDIT_CARD,COMPLETED,,
TXN-001137,S03,REG-1,E0014,09/11/2025 10:23,PAYPAL,COMPLETED,,
TXN-001138,S05,REG-3,E0022,02/12/2024 14:31,STORE_CREDIT,COMPLETED,,
TXN-001139,S06,REG-1,E0028,01/02/2025 19:33,GIFT_CARD,OPEN,C00112,
TXN-001140,S03,REG-2,E0015,05/08/2024 18:37,PAYPAL,COMPLETED,,
TXN-001144,S01,REG-2,E0005,09/21/2025 09:03,STORE_CREDIT,COMPLETED,,
TXN-001145,S06,REG-4,E0027,08/29/2025 11:24,GIFT_CARD,COMPLETED,C00136,
TXN-001146,S01,REG-1,E0004,04/23/2024 18:47,STORE_CREDIT,COMPLETED,,
TXN-001148,S04,REG-4,E0019,07/01/2024 15:30,DEBIT_CARD,COMPLETED,,
TXN-001149,S04,REG-2,E0018,07/17/2025 15:01,DEBIT_CARD,COMPLETED,,
TXN-001150,S02,REG-3,E0011,10/02/2024 13:27,CREDIT_CARD,COMPLETED,,
TXN-000281,S01,REG-4,E0001,03/11/2025 19:48,CREDIT_CARD,OPEN,,SPRING25
TXN-000857,S05,REG-1,E0022,01/07/2025 19:15,CREDIT_CARD,COMPLETED,,
TXN-001146,S01,REG-2,E0004,04/23/2024 18:47,STORE_CREDIT,COMPLETED,C00101,
TXN-000958,S05,REG-2,E0026,02/10/2024 16:47,DEBIT_CARD,COMPLETED,C00160,
TXN-000355,S03,REG-1,E0014,04/29/2025 11:21,CREDIT_CARD,COMPLETED,,
TXN-000406,S03,REG-4,E0014,04/16/2025 13:09,DEBIT_CARD,COMPLETED,,
TXN-000889,S04,REG-4,E0018,05/29/2026 20:42,PAYPAL,COMPLETED,,
TXN-000546,S03,REG-3,E0013,11/19/2025 20:04,PAYPAL,COMPLETED,,
