transaction_id,line_no,sku,qty,unit_price,discount_amt
TXN-000003,1,P0005,2,1435.87,0.0
TXN-000003,2,P0020,1,97.29,0.0
TXN-000003,3,P0058,3,207.1,0.0
TXN-000003,4,P0048,2,51.12,0.0
TXN-000004,1,P0037,1,23.27,0.0
TXN-000004,2,P0063,1,31.88,0.0
TXN-000005,1,P0023,3,94.09,0.0
TXN-000005,2,P0047,1,46.84,0.0
TXN-000007,1,P0045,3,471.19,0.0
TXN-000007,2,P0017,1,133.08,0.0
TXN-000007,3,P0071,3,31.09,0.0
TXN-000007,4,P0024,1,21.73,0.0
TXN-000007,5,P0056,3,150.35,0.0
TXN-000009,1,P0034,3,69.24,0.0
TXN-000009,2,P0027,3,251.02,0.0
TXN-000009,3,P0054,2,215.77,0.0
TXN-000009,4,P0004,3,1188.52,0.0
TXN-000009,5,P0064,2,29.37,0.0
TXN-000010,1,P0052,3,215.89,0.0
TXN-000010,2,P0017,2,133.08,0.0
TXN-000010,3,P0048,1,51.12,0.0
TXN-000013,1,P0050,3,612.91,0.0
TXN-000014,1,P0047,3,46.84,0.0
TXN-000014,2,P0019,1,172.24,0.0
TXN-000014,3,P0026,2,174.26,0.0
TXN-000014,4,P0066,3,5.69,0.0
TXN-000014,5,P0052,3,215.89,0.0
TXN-000015,1,P0069,2,8.93,0.0
TXN-000015,2,P0063,1,31.88,0.0
TXN-000015,3,P0039,3,78.19,0.0
TXN-000015,4,P0061,3,10.99,0.0
TXN-000015,5,P0003,3,3451.71,0.0
TXN-000016,1,P0049,1,,
TXN-000016,2,P0019,2,172.24,0.0
TXN-000016,3,P0032,2,236.17,0.0
TXN-000016,4,P0005,2,1435.87,0.0
TXN-000016,5,P0015,3,82.92,0.0
TXN-000018,1,P0027,2,251.02,50.2
TXN-000018,2,P0063,3,31.88,9.56
TXN-000018,3,P0041,1,241.44,24.14
TXN-000019,1,P0062,3,24.69,11.11
TXN-000019,2,P0028,3,187.66,84.45
TXN-000019,3,P0026,1,174.26,26.14
TXN-000023,1,P0025,1,213.64,0.0
TXN-000023,2,P0015,3,82.92,0.0
TXN-000023,3,P0043,1,,
TXN-000024,1,P0012,1,2689.44,0.0
TXN-000024,2,P0052,2,215.89,0.0
TXN-000024,3,P0013,1,,
TXN-000025,1,P0008,2,2996.13,0.0
TXN-000025,2,P0016,2,100.89,0.0
TXN-000027,1,P0058,1,207.1,0.0
TXN-000027,2,P0068,3,3.38,0.0
TXN-000027,3,P0047,3,46.84,0.0
TXN-000027,4,P0010,2,2396.4,0.0
TXN-000027,5,P0015,2,82.92,0.0
TXN-000028,1,P0072,2,28.47,0.0
TXN-000033,1,P0065,1,7.33,0.0
TXN-000033,2,P0038,3,56.28,0.0
TXN-000034,1,P0036,3,225.69,0.0
TXN-000034,2,P0008,1,2996.13,0.0
TXN-000034,3,P0072,2,28.47,0.0
TXN-000035,1,P0061,2,10.99,0.0
TXN-000035,2,P0031,3,9.81,0.0
TXN-000035,3,P0029,2,118.4,0.0
TXN-000035,4,P0039,1,78.19,0.0
TXN-000035,5,P0019,2,172.24,0.0
TXN-000036,1,P0006,2,2008.25,0.0
TXN-000036,2,P0010,2,2396.4,0.0
TXN-000036,3,P0025,1,213.64,0.0
TXN-000036,4,P0072,1,28.47,0.0
TXN-000036,5,P0028,1,187.66,0.0
TXN-000038,1,P0003,3,3451.71,1035.51
TXN-000038,2,P0034,3,69.24,20.77
TXN-000040,1,P0028,3,187.66,0.0
TXN-000041,1,P0003,3,3451.71,1035.51
TXN-000042,1,P0068,2,3.38,1.01
TXN-000042,2,P0033,2,78.18,23.45
TXN-000044,1,P0013,3,48.85,0.0
TXN-000044,2,P0068,2,3.38,0.0
TXN-000044,3,P0006,1,2008.25,0.0
TXN-000044,4,P0030,2,24.13,0.0
TXN-000044,5,P0028,3,187.66,0.0
TXN-000045,1,P0021,3,97.29,0.0
TXN-000045,2,P0031,2,9.81,0.0
TXN-000045,3,P0050,3,612.91,0.0
TXN-000046,1,P0051,2,408.31,0.0
TXN-000046,2,P0042,3,129.3,0.0
TXN-000046,3,P0004,2,1188.52,0.0
TXN-000046,4,P0035,3,32.43,0.0
TXN-000046,5,P0058,1,207.1,0.0
TXN-000047,1,P0047,1,46.84,0.0
TXN-000047,2,P0014,2,138.97,0.0
TXN-000047,3,P0012,2,2689.44,0.0
TXN-000048,1,P0042,2,129.3,25.86
TXN-000048,2,P0050,3,612.91,183.87
TXN-000048,3,P0002,1,2146.53,214.65
TXN-000048,4,P0038,1,56.28,5.63
TXN-000048,5,P0053,1,183.67,18.37
TXN-000050,1,P0039,3,78.19,0.0
TXN-000050,2,P0042,1,129.3,0.0
TXN-000052,1,P0049,3,392.85,0.0
TXN-000052,2,P0010,3,2396.4,0.0
TXN-000052,3,P0058,3,207.1,0.0
TXN-000052,4,P0062,1,24.69,0.0
TXN-000053,1,P0006,2,2008.25,0.0
TXN-000053,2,P0052,2,215.89,0.0
TXN-000054,1,P0065,2,7.33,0.0
TXN-000054,2,P0020,2,97.29,0.0
TXN-000054,3,P0045,1,471.19,0.0
TXN-000054,4,P0004,3,1188.52,0.0
TXN-000055,1,P0009,3,1582.73,0.0
TXN-000055,2,P0039,2,78.19,0.0
TXN-000055,3,P0006,3,2008.25,0.0
TXN-000059,1,P0022,2,172.19,0.0
TXN-000059,2,P0063,3,31.88,0.0
TXN-000059,3,P0037,2,23.27,0.0
TXN-000059,4,P0018,2,69.15,0.0
TXN-000059,5,P0024,2,21.73,0.0
TXN-000060,1,P0029,2,118.4,0.0
TXN-000063,1,P0017,3,133.08,0.0
TXN-000063,2,P0032,1,236.17,0.0
TXN-000063,3,P0019,3,172.24,0.0
TXN-000066,1,P0021,3,97.29,0.0
TXN-000066,2,P0036,1,225.69,0.0
TXN-000066,3,P0012,3,2689.44,0.0
TXN-000067,1,P0017,3,133.08,0.0
TXN-000071,1,P0070,1,,
TXN-000071,2,P0023,1,,
TXN-000071,3,P0061,1,10.99,0.0
TXN-000072,1,P0020,1,97.29,0.0
TXN-000072,2,P0036,1,225.69,0.0
TXN-000072,3,P0011,2,1146.62,0.0
TXN-000072,4,P0040,3,20.75,0.0
TXN-000072,5,P0066,1,5.69,0.0
TXN-000075,1,P0048,2,51.12,10.22
TXN-000075,2,P0021,3,97.29,29.19
TXN-000076,1,P0005,3,1435.87,0.0
TXN-000076,2,P0071,2,31.09,0.0
TXN-000077,1,P0029,1,118.4,0.0
TXN-000077,2,P0067,1,29.54,0.0
TXN-000078,1,P0032,3,236.17,0.0
TXN-000078,2,P0060,1,182.94,0.0
TXN-000078,3,P0048,3,51.12,0.0
TXN-000079,1,P0001,1,3412.97,0.0
TXN-000079,2,P0049,1,392.85,0.0
TXN-000079,3,P0040,1,20.75,0.0
TXN-000081,1,P0042,1,129.3,0.0
TXN-000081,2,P0041,1,241.44,0.0
TXN-000081,3,P0058,3,207.1,0.0
TXN-000081,4,P0035,1,32.43,0.0
TXN-000083,1,P0007,2,3465.47,0.0
TXN-000083,2,P0039,3,78.19,0.0
TXN-000083,3,P0034,1,69.24,0.0
TXN-000083,4,P0023,1,94.09,0.0
TXN-000083,5,P0004,1,1188.52,0.0
TXN-000086,1,P0070,2,34.14,0.0
TXN-000086,2,P0003,2,3451.71,0.0
TXN-000087,1,P0036,1,225.69,22.57
TXN-000088,1,P0050,1,612.91,0.0
TXN-000088,2,P0046,3,382.78,0.0
TXN-000089,1,P0064,2,29.37,0.0
TXN-000089,2,P0070,1,34.14,0.0
TXN-000091,1,P0039,1,78.19,0.0
TXN-000091,2,P0042,2,129.3,0.0
TXN-000091,3,P0018,2,69.15,0.0
TXN-000092,1,P0017,3,133.08,0.0
TXN-000092,2,P0023,2,94.09,0.0
TXN-000092,3,P0001,3,3412.97,0.0
TXN-000093,1,P0045,1,471.19,0.0
TXN-000093,2,P0041,1,241.44,0.0
TXN-000094,1,P0001,1,3412.97,0.0
TXN-000095,1,P0021,1,97.29,0.0
TXN-000095,2,P0058,1,207.1,0.0
TXN-000097,1,P0025,3,213.64,0.0
TXN-000097,2,P0053,3,183.67,0.0
TXN-000099,1,P0040,2,20.75,0.0
TXN-000100,1,P0057,1,249.65,0.0
TXN-000100,2,P0060,3,182.94,0.0
TXN-000100,3,P0034,3,69.24,0.0
TXN-000101,1,P0061,3,10.99,3.3
TXN-000101,2,P0031,3,9.81,2.94
TXN-000101,3,P0039,3,78.19,23.46
TXN-000101,4,P0011,3,1146.62,343.99
TXN-000101,5,P0051,2,408.31,81.66
TXN-000103,1,P0013,2,48.85,0.0
TXN-000103,2,P0014,3,138.97,0.0
TXN-000103,3,P0037,3,23.27,0.0
TXN-000103,4,P0069,1,8.93,0.0
TXN-000103,5,P0045,1,471.19,0.0
TXN-000105,1,P0054,2,215.77,0.0
TXN-000105,2,P0012,2,2689.44,0.0
TXN-000105,3,P0025,3,213.64,0.0
TXN-000106,1,P0004,1,1188.52,0.0
TXN-000106,2,P0023,1,94.09,0.0
TXN-000106,3,P0025,3,213.64,0.0
TXN-000106,4,P0026,2,174.26,0.0
TXN-000106,5,P0008,3,2996.13,0.0
TXN-000108,1,P0002,2,2146.53,0.0
TXN-000109,1,P0049,1,392.85,0.0
TXN-000109,2,P0045,3,471.19,0.0
TXN-000109,3,P0059,3,439.09,0.0
TXN-000109,4,P0033,1,,
TXN-000110,1,P0036,1,225.69,0.0
TXN-000110,2,P0034,1,69.24,0.0
TXN-000110,3,P0039,3,78.19,0.0
TXN-000111,1,P0025,3,213.64,0.0
TXN-000111,2,P0044,2,283.61,0.0
TXN-000111,3,P0029,3,118.4,0.0
TXN-000111,4,P0069,1,8.93,0.0
TXN-000111,5,P0061,2,10.99,0.0
TXN-000112,1,P0043,2,16.37,0.0
TXN-000112,2,P0048,2,51.12,0.0
TXN-000112,3,P0034,3,69.24,0.0
TXN-000112,4,P0038,3,56.28,0.0
TXN-000114,1,P0036,2,225.69,0.0
TXN-000114,2,P0027,1,251.02,0.0
TXN-000114,3,P0022,2,172.19,0.0
TXN-000114,4,P0021,2,97.29,0.0
TXN-000120,1,P0026,3,174.26,0.0
TXN-000120,2,P0034,1,69.24,0.0
TXN-000120,3,P0067,2,29.54,0.0
TXN-000120,4,P0046,3,382.78,0.0
TXN-000123,1,P0052,3,215.89,97.15
TXN-000123,2,P0059,2,439.09,131.73
TXN-000123,3,P0035,1,32.43,4.86
TXN-000123,4,P0050,3,612.91,275.81
TXN-000124,1,P0004,2,1188.52,0.0
TXN-000124,2,P0017,1,133.08,0.0
TXN-000124,3,P0062,2,,
TXN-000124,4,P0063,3,31.88,0.0
TXN-000124,5,P0015,3,82.92,0.0
TXN-000125,1,P0045,3,471.19,0.0
TXN-000125,2,P0050,3,612.91,0.0
TXN-000125,3,P0020,3,97.29,0.0
TXN-000125,4,P0072,2,28.47,0.0
TXN-000130,1,P0042,2,129.3,25.86
TXN-000130,2,P0065,2,7.33,1.47
TXN-000130,3,P0050,2,612.91,122.58
TXN-000130,4,P0054,1,215.77,21.58
TXN-000130,5,P0032,3,236.17,70.85
TXN-000131,1,P0023,3,94.09,42.34
TXN-000131,2,P0065,2,7.33,2.2
TXN-000132,1,P0055,1,409.44,0.0
TXN-000132,2,P0002,1,2146.53,0.0
TXN-000132,3,P0067,1,29.54,0.0
TXN-000133,1,P0005,1,1435.87,0.0
TXN-000133,2,P0046,3,382.78,0.0
TXN-000133,3,P0058,3,207.1,0.0
TXN-000133,4,P0014,3,138.97,0.0
TXN-000133,5,P0072,3,28.47,0.0
TXN-000134,1,P0029,3,118.4,0.0
TXN-000134,2,P0048,2,51.12,0.0
TXN-000134,3,P0070,3,34.14,0.0
TXN-000134,4,P0026,1,174.26,0.0
TXN-000135,1,P0020,3,97.29,0.0
TXN-000135,2,P0006,3,2008.25,0.0
TXN-000135,3,P0042,3,129.3,0.0
TXN-000135,4,P0007,1,3465.47,0.0
TXN-000136,1,P0029,2,118.4,0.0
TXN-000136,2,P0028,1,187.66,0.0
TXN-000136,3,P0043,3,16.37,0.0
TXN-000140,1,P0010,1,2396.4,0.0
TXN-000141,1,P0050,3,612.91,0.0
TXN-000142,1,P0039,2,78.19,0.0
TXN-000142,2,P0012,3,2689.44,0.0
TXN-000142,3,P0037,1,23.27,0.0
TXN-000143,1,P0071,3,31.09,0.0
TXN-000144,1,P0053,1,183.67,0.0
TXN-000144,2,P0066,1,5.69,0.0
TXN-000146,1,P0055,2,409.44,0.0
TXN-000146,2,P0022,1,172.19,0.0
TXN-000146,3,P0001,3,3412.97,0.0
TXN-000147,1,P0023,3,94.09,0.0
TXN-000148,1,P0065,3,7.33,0.0
TXN-000149,1,P0051,1,408.31,0.0
TXN-000149,2,P0029,3,118.4,0.0
TXN-000149,3,P0038,2,56.28,0.0
TXN-000150,1,P0019,2,172.24,0.0
TXN-000150,2,P0062,2,24.69,0.0
TXN-000150,3,P0046,1,382.78,0.0
TXN-000150,4,P0006,3,2008.25,0.0
TXN-000150,5,P0029,2,118.4,0.0
TXN-000151,1,P0070,3,34.14,0.0
TXN-000151,2,P0023,1,94.09,0.0
TXN-000151,3,P0049,2,392.85,0.0
TXN-000151,4,P0047,2,46.84,0.0
TXN-000151,5,P0010,2,2396.4,0.0
TXN-000153,1,P0021,1,97.29,0.0
TXN-000153,2,P0018,1,69.15,0.0
TXN-000153,3,P0066,2,5.69,0.0
TXN-000153,4,P0006,3,2008.25,0.0
TXN-000153,5,P0019,3,172.24,0.0
TXN-000155,1,P0016,1,100.89,0.0
TXN-000155,2,P0012,3,2689.44,0.0
TXN-000155,3,P0062,3,24.69,0.0
TXN-000155,4,P0017,1,133.08,0.0
TXN-000155,5,P0070,2,34.14,0.0
TXN-000156,1,P0070,1,,
TXN-000156,2,P0053,3,183.67,55.1
TXN-000156,3,P0033,3,78.18,23.45
TXN-000157,1,P0034,3,69.24,31.16
TXN-000157,2,P0069,2,8.93,2.68
TXN-000157,3,P0055,2,409.44,122.83
TXN-000158,1,P0051,3,408.31,0.0
TXN-000158,2,P0018,3,69.15,0.0
TXN-000158,3,P0016,1,100.89,0.0
TXN-000159,1,P0019,2,172.24,0.0
TXN-000161,1,P0046,3,,
TXN-000161,2,P0051,3,408.31,0.0
TXN-000161,3,P0052,1,215.89,0.0
TXN-000161,4,P0026,3,174.26,0.0
TXN-000162,1,P0034,1,69.24,0.0
TXN-000163,1,P0057,1,249.65,0.0
TXN-000163,2,P0049,2,392.85,0.0
TXN-000163,3,P0062,3,24.69,0.0
TXN-000167,1,P0067,2,29.54,5.91
TXN-000169,1,P0031,2,9.81,0.0
TXN-000169,2,P0072,3,28.47,0.0
TXN-000169,3,P0056,1,150.35,0.0
TXN-000170,1,P0007,1,3465.47,0.0
TXN-000170,2,P0051,2,408.31,0.0
TXN-000170,3,P0013,1,48.85,0.0
TXN-000170,4,P0021,2,97.29,0.0
TXN-000170,5,P0008,2,2996.13,0.0
TXN-000173,1,P0011,2,1146.62,0.0
TXN-000173,2,P0027,1,251.02,0.0
TXN-000173,3,P0022,2,172.19,0.0
TXN-000174,1,P0030,2,24.13,0.0
TXN-000174,2,P0032,1,236.17,0.0
TXN-000174,3,P0037,1,23.27,0.0
TXN-000175,1,P0059,3,439.09,0.0
TXN-000175,2,P0056,3,150.35,0.0
TXN-000177,1,P0001,2,3412.97,0.0
TXN-000177,2,P0071,3,31.09,0.0
TXN-000178,1,P0035,1,32.43,0.0
TXN-000178,2,P0037,2,23.27,0.0
TXN-000178,3,P0069,2,8.93,0.0
TXN-000178,4,P0053,2,183.67,0.0
TXN-000178,5,P0025,2,213.64,0.0
TXN-000179,1,P0012,1,2689.44,0.0
TXN-000179,2,P0020,2,97.29,0.0
TXN-000180,1,P0051,2,408.31,81.66
TXN-000180,2,P0010,2,2396.4,479.28
TXN-000180,3,P0070,1,34.14,3.41
TXN-000182,1,P0015,3,82.92,0.0
TXN-000182,2,P0031,1,9.81,0.0
TXN-000189,1,P0028,3,187.66,0.0
TXN-000191,1,P0031,3,9.81,0.0
TXN-000191,2,P0070,2,34.14,0.0
TXN-000191,3,P0028,2,,
TXN-000191,4,P0049,1,392.85,0.0
TXN-000191,5,P0071,3,,
TXN-000194,1,P0002,1,2146.53,0.0
TXN-000194,2,P0049,3,392.85,0.0
TXN-000194,3,P0007,3,3465.47,0.0
TXN-000194,4,P0040,1,20.75,0.0
TXN-000194,5,P0068,3,3.38,0.0
TXN-000195,1,P0061,3,10.99,3.3
TXN-000199,1,P0043,1,16.37,0.0
TXN-000200,1,P0068,1,3.38,0.0
TXN-000200,2,P0006,3,2008.25,0.0
TXN-000200,3,P0033,1,78.18,0.0
TXN-000200,4,P0022,1,172.19,0.0
TXN-000201,1,P0049,3,392.85,0.0
TXN-000201,2,P0066,2,5.69,0.0
TXN-000203,1,P0049,3,392.85,0.0
TXN-000205,1,P0053,3,183.67,0.0
TXN-000205,2,P0039,3,78.19,0.0
TXN-000205,3,P0057,2,249.65,0.0
TXN-000207,1,P0023,2,94.09,0.0
TXN-000208,1,P0051,3,408.31,0.0
TXN-000208,2,P0069,1,8.93,0.0
TXN-000208,3,P0068,2,3.38,0.0
TXN-000209,1,P0025,2,213.64,0.0
TXN-000210,1,P0058,1,207.1,0.0
TXN-000210,2,P0012,3,2689.44,0.0
TXN-000210,3,P0065,2,7.33,0.0
TXN-000210,4,P0015,2,82.92,0.0
TXN-000211,1,P0012,1,2689.44,268.94
TXN-000212,1,P0020,2,97.29,0.0
TXN-000212,2,P0021,3,97.29,0.0
TXN-000212,3,P0019,2,172.24,0.0
TXN-000212,4,P0023,1,94.09,0.0
TXN-000212,5,P0007,1,3465.47,0.0
TXN-000216,1,P0041,1,241.44,0.0
TXN-000216,2,P0034,2,69.24,0.0
TXN-000216,3,P0068,3,3.38,0.0
TXN-000216,4,P0046,1,382.78,0.0
TXN-000217,1,P0054,3,215.77,0.0
TXN-000217,2,P0053,1,,
TXN-000217,3,P0006,1,2008.25,0.0
TXN-000217,4,P0043,2,16.37,0.0
TXN-000217,5,P0045,2,471.19,0.0
TXN-000223,1,P0016,2,100.89,0.0
TXN-000223,2,P0035,3,32.43,0.0
TXN-000223,3,P0020,1,97.29,0.0
TXN-000223,4,P0021,2,97.29,0.0
TXN-000224,1,P0007,3,3465.47,0.0
TXN-000224,2,P0017,2,133.08,0.0
TXN-000224,3,P0004,2,1188.52,0.0
TXN-000224,4,P0061,3,10.99,0.0
TXN-000225,1,P0060,3,182.94,0.0
TXN-000226,1,P0029,3,118.4,0.0
TXN-000226,2,P0019,2,172.24,0.0
TXN-000227,1,P0022,3,172.19,61.99
TXN-000227,2,P0037,3,23.27,8.38
TXN-000227,3,P0045,2,471.19,113.09
TXN-000227,4,P0017,1,133.08,15.97
TXN-000228,1,P0056,3,150.35,67.66
TXN-000228,2,P0044,1,283.61,42.54
TXN-000229,1,P0040,1,20.75,2.08
TXN-000229,2,P0052,3,215.89,64.77
TXN-000230,1,P0020,3,97.29,0.0
TXN-000230,2,P0058,3,207.1,0.0
TXN-000231,1,P0066,2,5.69,0.0
TXN-000233,1,P0037,1,,
TXN-000233,2,P0017,3,,
TXN-000234,1,P0024,3,21.73,0.0
TXN-000234,2,P0059,2,439.09,0.0
TXN-000234,3,P0066,1,5.69,0.0
TXN-000234,4,P0055,1,409.44,0.0
TXN-000235,1,P0048,1,51.12,0.0
TXN-000235,2,P0015,3,82.92,0.0
TXN-000235,3,P0062,2,24.69,0.0
TXN-000235,4,P0011,1,1146.62,0.0
TXN-000236,1,P0044,3,283.61,0.0
TXN-000237,1,P0039,3,78.19,0.0
TXN-000238,1,P0037,2,23.27,0.0
TXN-000239,1,P0023,3,94.09,42.34
TXN-000239,2,P0020,1,97.29,14.59
TXN-000239,3,P0058,1,207.1,31.07
TXN-000239,4,P0048,1,51.12,7.67
TXN-000239,5,P0034,3,69.24,31.16
TXN-000240,1,P0007,1,3465.47,519.82
TXN-000240,2,P0034,2,69.24,20.77
TXN-000240,3,P0015,2,82.92,24.88
TXN-000242,1,P0067,3,29.54,0.0
TXN-000242,2,P0044,1,283.61,0.0
TXN-000243,1,P0033,1,78.18,0.0
TXN-000243,2,P0025,1,213.64,0.0
TXN-000243,3,P0005,3,1435.87,0.0
TXN-000245,1,P0050,2,612.91,0.0
TXN-000245,2,P0043,1,16.37,0.0
TXN-000245,3,P0008,1,2996.13,0.0
TXN-000245,4,P0034,1,69.24,0.0
TXN-000246,1,P0010,1,2396.4,0.0
TXN-000248,1,P0069,2,8.93,0.0
TXN-000249,1,P0026,1,174.26,0.0
TXN-000249,2,P0023,3,94.09,0.0
TXN-000249,3,P0071,3,31.09,0.0
TXN-000252,1,P0010,3,2396.4,0.0
TXN-000252,2,P0005,3,,
TXN-000253,1,P0022,2,172.19,0.0
TXN-000253,2,P0009,3,1582.73,0.0
TXN-000253,3,P0014,1,138.97,0.0
TXN-000253,4,P0015,3,82.92,0.0
TXN-000254,1,P0036,1,225.69,0.0
TXN-000255,1,P0021,1,,
TXN-000255,2,P0003,1,3451.71,517.76
TXN-000255,3,P0063,3,31.88,14.35
TXN-000255,4,P0011,2,1146.62,343.99
TXN-000256,1,P0005,2,1435.87,287.17
TXN-000256,2,P0024,3,21.73,6.52
TXN-000256,3,P0064,1,29.37,2.94
TXN-000256,4,P0012,1,2689.44,268.94
TXN-000256,5,P0039,3,78.19,23.46
TXN-000257,1,P0023,3,94.09,0.0
TXN-000257,2,P0021,1,97.29,0.0
TXN-000257,3,P0006,2,2008.25,0.0
TXN-000257,4,P0007,2,3465.47,0.0
TXN-000258,1,P0042,2,129.3,0.0
TXN-000258,2,P0054,1,215.77,0.0
TXN-000258,3,P0026,1,174.26,0.0
TXN-000258,4,P0030,1,24.13,0.0
TXN-000258,5,P0015,3,82.92,0.0
TXN-000261,1,P0065,2,7.33,0.0
TXN-000261,2,P0005,3,1435.87,0.0
TXN-000261,3,P0055,2,409.44,0.0
TXN-000261,4,P0068,1,3.38,0.0
TXN-000262,1,P0040,2,20.75,0.0
TXN-000262,2,P0021,1,97.29,0.0
TXN-000262,3,P0059,2,439.09,0.0
TXN-000262,4,P0004,2,1188.52,0.0
TXN-000263,1,P0070,3,34.14,12.29
TXN-000263,2,P0027,3,251.02,90.37
TXN-000263,3,P0011,1,1146.62,137.59
TXN-000263,4,P0043,2,16.37,3.93
TXN-000263,5,P0008,1,2996.13,359.54
TXN-000264,1,P0027,2,251.02,75.31
TXN-000264,2,P0029,2,118.4,35.52
TXN-000264,3,P0042,1,129.3,19.4
TXN-000264,4,P0046,2,382.78,114.83
TXN-000265,1,P0059,1,439.09,0.0
TXN-000265,2,P0012,1,2689.44,0.0
TXN-000268,1,P0034,2,69.24,34.62
TXN-000268,2,P0030,2,24.13,12.06
TXN-000272,1,P0051,1,408.31,0.0
TXN-000272,2,P0025,2,213.64,0.0
TXN-000272,3,P0063,3,31.88,0.0
TXN-000272,4,P0041,2,241.44,0.0
TXN-000272,5,P0066,1,5.69,0.0
TXN-000273,1,P0021,1,97.29,0.0
TXN-000273,2,P0055,3,409.44,0.0
TXN-000273,3,P0054,1,215.77,0.0
TXN-000277,1,P0047,1,46.84,0.0
TXN-000277,2,P0054,3,215.77,0.0
TXN-000277,3,P0046,1,382.78,0.0
TXN-000278,1,P0047,3,46.84,0.0
TXN-000278,2,P0013,1,,
TXN-000278,3,P0069,3,8.93,0.0
TXN-000280,1,P0019,2,172.24,0.0
TXN-000280,2,P0030,1,24.13,0.0
TXN-000281,1,P0066,3,5.69,1.71
TXN-000284,1,P0015,1,82.92,0.0
TXN-000284,2,P0041,2,241.44,0.0
TXN-000284,3,P0016,3,100.89,0.0
TXN-000284,4,P0060,3,182.94,0.0
TXN-000287,1,P0046,3,382.78,0.0
TXN-000287,2,P0061,2,10.99,0.0
TXN-000287,3,P0052,2,215.89,0.0
TXN-000287,4,P0063,1,31.88,0.0
TXN-000288,1,P0039,1,78.19,0.0
TXN-000288,2,P0013,3,48.85,0.0
TXN-000290,1,P0056,2,150.35,0.0
TXN-000290,2,P0018,3,69.15,0.0
TXN-000290,3,P0040,3,20.75,0.0
TXN-000290,4,P0050,3,612.91,0.0
TXN-000292,1,P0032,3,236.17,0.0
TXN-000292,2,P0031,1,9.81,0.0
TXN-000294,1,P0028,3,187.66,0.0
TXN-000294,2,P0037,1,23.27,0.0
TXN-000294,3,P0034,1,69.24,0.0
TXN-000294,4,P0007,3,3465.47,0.0
TXN-000294,5,P0039,2,78.19,0.0
TXN-000295,1,P0070,2,34.14,0.0
TXN-000295,2,P0041,3,241.44,0.0
TXN-000295,3,P0026,3,174.26,0.0
TXN-000295,4,P0054,1,215.77,0.0
TXN-000296,1,P0008,1,2996.13,0.0
TXN-000296,2,P0067,3,29.54,0.0
TXN-000296,3,P0026,2,174.26,0.0
TXN-000296,4,P0047,2,46.84,0.0
TXN-000296,5,P0060,1,182.94,0.0
TXN-000297,1,P0025,1,213.64,0.0
TXN-000297,2,P0004,2,1188.52,0.0
TXN-000298,1,P0023,1,94.09,0.0
TXN-000298,2,P0006,2,2008.25,0.0
TXN-000298,3,P0063,2,31.88,0.0
TXN-000298,4,P0003,3,3451.71,0.0
TXN-000298,5,P0008,1,2996.13,0.0
TXN-000300,1,P0041,3,241.44,0.0
TXN-000301,1,P0007,3,3465.47,0.0
TXN-000302,1,P0002,1,2146.53,0.0
TXN-000302,2,P0051,1,408.31,0.0
TXN-000302,3,P0033,1,78.18,0.0
TXN-000302,4,P0039,3,78.19,0.0
TXN-000303,1,P0055,3,409.44,0.0
TXN-000303,2,P0013,1,48.85,0.0
TXN-000303,3,P0021,3,97.29,0.0
TXN-000304,1,P0052,1,215.89,0.0
TXN-000306,1,P0060,1,182.94,0.0
TXN-000307,1,P0002,3,2146.53,0.0
TXN-000308,1,P0064,2,29.37,5.87
TXN-000308,2,P0049,3,392.85,117.86
TXN-000308,3,P0017,2,133.08,26.62
TXN-000309,1,P0059,2,439.09,0.0
TXN-000309,2,P0011,2,1146.62,0.0
TXN-000309,3,P0002,2,2146.53,0.0
TXN-000310,1,P0046,3,382.78,0.0
TXN-000310,2,P0006,2,2008.25,0.0
TXN-000310,3,P0001,3,3412.97,0.0
TXN-000310,4,P0033,3,78.18,0.0
TXN-000311,1,P0015,1,82.92,12.44
TXN-000311,2,P0041,2,241.44,72.43
TXN-000311,3,P0006,2,2008.25,602.48
TXN-000312,1,P0072,1,28.47,0.0
TXN-000312,2,P0057,1,249.65,0.0
TXN-000314,1,P0013,3,48.85,0.0
TXN-000314,2,P0043,1,16.37,0.0
TXN-000314,3,P0004,3,1188.52,0.0
TXN-000314,4,P0037,1,23.27,0.0
TXN-000315,1,P0006,3,2008.25,0.0
TXN-000315,2,P0058,3,207.1,0.0
TXN-000315,3,P0042,1,129.3,0.0
TXN-000317,1,P0017,1,133.08,0.0
TXN-000317,2,P0046,2,382.78,0.0
TXN-000317,3,P0013,3,48.85,0.0
TXN-000317,4,P0048,1,51.12,0.0
TXN-000317,5,P0066,2,5.69,0.0
TXN-000320,1,P0011,3,1146.62,0.0
TXN-000320,2,P0034,3,,
TXN-000322,1,P0012,2,2689.44,806.83
TXN-000322,2,P0039,2,78.19,23.46
TXN-000323,1,P0051,3,408.31,0.0
TXN-000323,2,P0007,2,3465.47,0.0
TXN-000323,3,P0043,2,16.37,0.0
TXN-000323,4,P0002,3,2146.53,0.0
TXN-000323,5,P0014,2,138.97,0.0
TXN-000324,1,P0041,2,241.44,0.0
TXN-000324,2,P0071,3,31.09,0.0
TXN-000324,3,P0009,2,1582.73,0.0
TXN-000324,4,P0035,2,32.43,0.0
TXN-000324,5,P0054,2,215.77,0.0
TXN-000328,1,P0006,1,2008.25,0.0
TXN-000328,2,P0065,1,7.33,0.0
TXN-000328,3,P0014,3,138.97,0.0
TXN-000328,4,P0022,3,172.19,0.0
TXN-000328,5,P0016,1,100.89,0.0
TXN-000330,1,P0004,1,1188.52,0.0
TXN-000330,2,P0057,3,249.65,0.0
TXN-000330,3,P0019,1,172.24,0.0
TXN-000331,1,P0038,3,56.28,0.0
TXN-000331,2,P0054,2,,
TXN-000331,3,P0052,2,215.89,0.0
TXN-000331,4,P0071,3,31.09,0.0
TXN-000331,5,P0039,3,78.19,0.0
TXN-000332,1,P0039,1,78.19,0.0
TXN-000332,2,P0011,2,1146.62,0.0
TXN-000333,1,P0004,3,1188.52,0.0
TXN-000334,1,P0016,2,100.89,0.0
TXN-000334,2,P0007,1,3465.47,0.0
TXN-000334,3,P0058,1,207.1,0.0
TXN-000335,1,P0049,3,392.85,0.0
TXN-000335,2,P0067,2,29.54,0.0
TXN-000336,1,P0061,2,10.99,0.0
TXN-000336,2,P0028,3,187.66,0.0
TXN-000337,1,P0021,2,97.29,0.0
TXN-000337,2,P0019,1,172.24,0.0
TXN-000337,3,P0065,3,7.33,0.0
TXN-000337,4,P0017,1,133.08,0.0
TXN-000338,1,P0038,2,56.28,0.0
TXN-000338,2,P0006,2,2008.25,0.0
TXN-000338,3,P0067,2,29.54,0.0
TXN-000338,4,P0020,1,97.29,0.0
TXN-000338,5,P0016,3,100.89,0.0
TXN-000340,1,P0051,3,408.31,0.0
TXN-000340,2,P0044,3,283.61,0.0
TXN-000342,1,P0024,3,21.73,0.0
TXN-000342,2,P0003,3,3451.71,0.0
TXN-000342,3,P0036,3,225.69,0.0
TXN-000342,4,P0027,2,251.02,0.0
TXN-000342,5,P0032,2,236.17,0.0
TXN-000345,1,P0065,2,7.33,0.0
TXN-000345,2,P0050,2,612.91,0.0
TXN-000345,3,P0015,1,82.92,0.0
TXN-000345,4,P0035,1,32.43,0.0
TXN-000345,5,P0008,1,2996.13,0.0
TXN-000347,1,P0066,1,5.69,0.85
TXN-000347,2,P0037,3,23.27,10.47
TXN-000348,1,P0041,1,241.44,0.0
TXN-000348,2,P0044,2,283.61,0.0
TXN-000348,3,P0034,2,69.24,0.0
TXN-000348,4,P0058,2,,
TXN-000348,5,P0035,3,32.43,0.0
TXN-000353,1,P0029,3,118.4,0.0
TXN-000355,1,P0016,2,100.89,0.0
TXN-000355,2,P0011,3,1146.62,0.0
TXN-000355,3,P0008,1,2996.13,0.0
TXN-000355,4,P0005,2,1435.87,0.0
TXN-000358,1,P0070,2,34.14,10.24
TXN-000358,2,P0019,2,172.24,51.67
TXN-000358,3,P0061,1,10.99,1.65
TXN-000361,1,P0027,2,,
TXN-000361,2,P0052,2,215.89,0.0
TXN-000361,3,P0024,1,21.73,0.0
TXN-000361,4,P0001,2,3412.97,0.0
TXN-000363,1,P0068,3,3.38,0.0
TXN-000363,2,P0056,1,150.35,0.0
TXN-000367,1,P0035,1,32.43,4.86
TXN-000367,2,P0049,2,392.85,117.86
TXN-000367,3,P0004,2,1188.52,356.56
TXN-000368,1,P0043,3,16.37,0.0
TXN-000368,2,P0026,2,174.26,0.0
TXN-000370,1,P0030,2,24.13,0.0
TXN-000370,2,P0027,3,251.02,0.0
TXN-000371,1,P0057,3,249.65,0.0
TXN-000371,2,P0058,1,207.1,0.0
TXN-000375,1,P0026,1,174.26,0.0
TXN-000375,2,P0065,2,7.33,0.0
TXN-000375,3,P0059,1,439.09,0.0
TXN-000375,4,P0036,3,225.69,0.0
TXN-000375,5,P0001,2,3412.97,0.0
TXN-000377,1,P0069,3,8.93,0.0
TXN-000377,2,P0038,1,56.28,0.0
TXN-000377,3,P0009,2,1582.73,0.0
TXN-000383,1,P0042,2,129.3,31.03
TXN-000384,1,P0052,3,215.89,97.15
TXN-000387,1,P0011,1,1146.62,0.0
TXN-000387,2,P0008,2,2996.13,0.0
TXN-000390,1,P0032,1,236.17,0.0
TXN-000390,2,P0055,2,409.44,0.0
TXN-000392,1,P0026,1,174.26,26.14
TXN-000392,2,P0020,3,97.29,43.78
TXN-000392,3,P0025,2,213.64,64.09
TXN-000392,4,P0001,2,3412.97,1023.89
TXN-000393,1,P0025,2,213.64,0.0
TXN-000393,2,P0056,3,150.35,0.0
TXN-000394,1,P0005,2,1435.87,0.0
TXN-000394,2,P0047,3,46.84,0.0
TXN-000394,3,P0004,1,1188.52,0.0
TXN-000394,4,P0019,3,172.24,0.0
TXN-000399,1,P0052,2,215.89,0.0
TXN-000399,2,P0049,1,,
TXN-000399,3,P0008,3,2996.13,0.0
TXN-000400,1,P0066,3,5.69,0.0
TXN-000400,2,P0053,2,,
TXN-000400,3,P0025,2,213.64,0.0
TXN-000400,4,P0001,3,3412.97,0.0
TXN-000401,1,P0038,3,56.28,16.88
TXN-000401,2,P0025,3,213.64,64.09
TXN-000401,3,P0019,1,172.24,17.22
TXN-000401,4,P0067,1,29.54,2.95
TXN-000402,1,P0014,2,138.97,0.0
TXN-000403,1,P0069,1,8.93,0.0
TXN-000403,2,P0063,2,31.88,0.0
TXN-000404,1,P0056,2,150.35,0.0
TXN-000404,2,P0030,1,24.13,0.0
TXN-000404,3,P0029,3,118.4,0.0
TXN-000404,4,P0034,3,69.24,0.0
TXN-000404,5,P0015,3,82.92,0.0
TXN-000405,1,P0047,3,46.84,0.0
TXN-000405,2,P0017,1,133.08,0.0
TXN-000405,3,P0067,1,29.54,0.0
TXN-000406,1,P0041,2,241.44,0.0
TXN-000407,1,P0043,1,16.37,0.0
TXN-000408,1,P0003,2,3451.71,0.0
TXN-000408,2,P0071,3,31.09,0.0
TXN-000410,1,P0055,2,409.44,0.0
TXN-000410,2,P0022,1,172.19,0.0
TXN-000410,3,P0008,1,2996.13,0.0
TXN-000410,4,P0013,3,48.85,0.0
TXN-000411,1,P0049,2,392.85,78.57
TXN-000411,2,P0012,3,2689.44,806.83
TXN-000414,1,P0067,2,29.54,0.0
TXN-000415,1,P0005,1,1435.87,143.59
TXN-000415,2,P0025,1,213.64,21.36
TXN-000416,1,P0021,2,97.29,0.0
TXN-000416,2,P0052,3,215.89,0.0
TXN-000416,3,P0059,1,439.09,0.0
TXN-000416,4,P0011,3,1146.62,0.0
TXN-000419,1,P0035,2,32.43,0.0
TXN-000419,2,P0013,3,48.85,0.0
TXN-000419,3,P0007,3,3465.47,0.0
TXN-000419,4,P0022,2,172.19,0.0
TXN-000419,5,P0041,1,241.44,0.0
TXN-000421,1,P0011,1,1146.62,0.0
TXN-000423,1,P0006,1,2008.25,0.0
TXN-000423,2,P0058,1,207.1,0.0
TXN-000423,3,P0022,1,172.19,0.0
TXN-000423,4,P0068,2,3.38,0.0
TXN-000423,5,P0029,1,118.4,0.0
TXN-000424,1,P0028,2,187.66,0.0
TXN-000424,2,P0040,2,20.75,0.0
TXN-000424,3,P0066,1,5.69,0.0
TXN-000424,4,P0005,2,1435.87,0.0
TXN-000425,1,P0066,1,5.69,0.0
TXN-000425,2,P0020,3,97.29,0.0
TXN-000425,3,P0053,2,183.67,0.0
TXN-000425,4,P0016,2,100.89,0.0
TXN-000425,5,P0063,1,31.88,0.0
TXN-000426,1,P0025,2,213.64,0.0
TXN-000428,1,P0056,2,150.35,0.0
TXN-000429,1,P0032,2,236.17,0.0
TXN-000429,2,P0055,1,409.44,0.0
TXN-000429,3,P0026,3,174.26,0.0
TXN-000430,1,P0003,2,3451.71,1035.51
TXN-000430,2,P0026,2,174.26,52.28
TXN-000430,3,P0012,1,2689.44,403.42
TXN-000430,4,P0007,2,3465.47,1039.64
TXN-000433,1,P0016,3,100.89,0.0
TXN-000433,2,P0006,3,2008.25,0.0
TXN-000434,1,P0020,3,97.29,0.0
TXN-000434,2,P0006,3,2008.25,0.0
TXN-000434,3,P0017,2,133.08,0.0
TXN-000434,4,P0025,3,213.64,0.0
TXN-000434,5,P0054,2,215.77,0.0
TXN-000435,1,P0025,3,213.64,64.09
TXN-000436,1,P0035,1,32.43,0.0
TXN-000436,2,P0027,3,251.02,0.0
TXN-000436,3,P0024,3,21.73,0.0
TXN-000436,4,P0001,3,3412.97,0.0
TXN-000439,1,P0049,3,392.85,0.0
TXN-000440,1,P0058,3,207.1,0.0
TXN-000440,2,P0030,2,24.13,0.0
TXN-000443,1,P0018,3,69.15,0.0
TXN-000443,2,P0062,1,24.69,0.0
TXN-000446,1,P0043,3,16.37,0.0
TXN-000446,2,P0024,2,21.73,0.0
TXN-000446,3,P0055,2,409.44,0.0
TXN-000446,4,P0020,3,97.29,0.0
TXN-000446,5,P0039,2,78.19,0.0
TXN-000447,1,P0015,3,82.92,0.0
TXN-000449,1,P0072,1,28.47,0.0
TXN-000449,2,P0061,2,10.99,0.0
TXN-000449,3,P0018,1,69.15,0.0
TXN-000450,1,P0004,3,1188.52,0.0
TXN-000450,2,P0055,3,409.44,0.0
TXN-000450,3,P0048,3,51.12,0.0
TXN-000450,4,P0007,1,3465.47,0.0
TXN-000453,1,P0049,1,392.85,0.0
TXN-000453,2,P0017,3,133.08,0.0
TXN-000453,3,P0028,3,187.66,0.0
TXN-000453,4,P0052,3,215.89,0.0
TXN-000453,5,P0008,2,2996.13,0.0
TXN-000456,1,P0005,3,1435.87,0.0
TXN-000456,2,P0038,3,56.28,0.0
TXN-000456,3,P0021,3,97.29,0.0
TXN-000456,4,P0020,1,97.29,0.0
TXN-000457,1,P0017,3,133.08,0.0
TXN-000457,2,P0044,2,283.61,0.0
TXN-000457,3,P0038,3,56.28,0.0
TXN-000457,4,P0047,2,46.84,0.0
TXN-000458,1,P0012,1,2689.44,0.0
TXN-000458,2,P0064,1,29.37,0.0
TXN-000458,3,P0013,3,48.85,0.0
TXN-000458,4,P0059,1,439.09,0.0
TXN-000458,5,P0041,3,241.44,0.0
TXN-000459,1,P0053,3,183.67,0.0
TXN-000459,2,P0017,2,133.08,0.0
TXN-000459,3,P0057,3,249.65,0.0
TXN-000459,4,P0047,2,46.84,0.0
TXN-000460,1,P0014,2,138.97,0.0
TXN-000460,2,P0038,2,56.28,0.0
TXN-000461,1,P0011,1,1146.62,0.0
TXN-000463,1,P0033,1,78.18,7.82
TXN-000463,2,P0023,2,94.09,18.82
TXN-000463,3,P0011,3,1146.62,343.99
TXN-000464,1,P0026,2,174.26,34.85
TXN-000464,2,P0045,3,471.19,141.36
TXN-000466,1,P0049,2,392.85,78.57
TXN-000466,2,P0028,1,187.66,18.77
TXN-000467,1,P0053,3,183.67,0.0
TXN-000467,2,P0046,2,382.78,0.0
TXN-000467,3,P0070,1,34.14,0.0
TXN-000467,4,P0055,2,409.44,0.0
TXN-000468,1,P0014,1,138.97,0.0
TXN-000469,1,P0054,2,215.77,0.0
TXN-000469,2,P0028,1,187.66,0.0
TXN-000469,3,P0029,2,118.4,0.0
TXN-000470,1,P0034,3,69.24,0.0
TXN-000470,2,P0040,2,20.75,0.0
TXN-000470,3,P0054,1,215.77,0.0
TXN-000471,1,P0051,3,408.31,0.0
TXN-000471,2,P0007,3,3465.47,0.0
TXN-000472,1,P0051,3,408.31,0.0
TXN-000473,1,P0004,1,1188.52,0.0
TXN-000473,2,P0070,1,34.14,0.0
TXN-000474,1,P0049,3,392.85,0.0
TXN-000474,2,P0034,1,69.24,0.0
TXN-000475,1,P0024,2,21.73,0.0
TXN-000475,2,P0012,1,2689.44,0.0
TXN-000475,3,P0010,2,2396.4,0.0
TXN-000476,1,P0024,1,21.73,0.0
TXN-000476,2,P0039,3,78.19,0.0
TXN-000477,1,P0025,3,213.64,0.0
TXN-000478,1,P0017,2,133.08,0.0
TXN-000479,1,P0033,1,78.18,0.0
TXN-000479,2,P0023,3,94.09,0.0
TXN-000480,1,P0035,2,32.43,0.0
TXN-000480,2,P0041,2,241.44,0.0
TXN-000480,3,P0014,3,138.97,0.0
TXN-000480,4,P0050,2,612.91,0.0
TXN-000481,1,P0046,1,382.78,0.0
TXN-000481,2,P0032,2,236.17,0.0
TXN-000483,1,P0041,2,241.44,0.0
TXN-000483,2,P0026,2,174.26,0.0
TXN-000483,3,P0007,1,3465.47,0.0
TXN-000486,1,P0014,3,138.97,41.69
TXN-000486,2,P0042,1,129.3,12.93
TXN-000487,1,P0007,2,3465.47,0.0
TXN-000488,1,P0041,3,241.44,0.0
TXN-000488,2,P0019,2,172.24,0.0
TXN-000489,1,P0012,2,2689.44,0.0
TXN-000489,2,P0034,2,69.24,0.0
TXN-000490,1,P0060,1,182.94,0.0
TXN-000490,2,P0050,2,612.91,0.0
TXN-000491,1,P0029,2,118.4,0.0
TXN-000491,2,P0047,3,46.84,0.0
TXN-000493,1,P0020,3,97.29,43.78
TXN-000493,2,P0051,2,408.31,122.49
TXN-000496,1,P0022,1,172.19,17.22
TXN-000497,1,P0046,2,382.78,76.56
TXN-000499,1,P0062,1,24.69,0.0
TXN-000499,2,P0015,1,82.92,0.0
TXN-000499,3,P0035,1,32.43,0.0
TXN-000499,4,P0067,1,29.54,0.0
TXN-000499,5,P0003,3,3451.71,0.0
TXN-000500,1,P0068,2,3.38,0.68
TXN-000500,2,P0023,2,94.09,18.82
TXN-000500,3,P0034,2,69.24,13.85
TXN-000500,4,P0045,1,471.19,47.12
TXN-000501,1,P0064,3,29.37,0.0
TXN-000502,1,P0059,1,439.09,109.77
TXN-000505,1,P0039,3,78.19,0.0
TXN-000507,1,P0038,3,,
TXN-000507,2,P0007,3,3465.47,0.0
TXN-000507,3,P0051,1,408.31,0.0
TXN-000507,4,P0017,2,133.08,0.0
TXN-000507,5,P0052,3,215.89,0.0
TXN-000512,1,P0006,3,2008.25,0.0
TXN-000512,2,P0046,1,382.78,0.0
TXN-000512,3,P0018,2,69.15,0.0
TXN-000512,4,P0060,3,182.94,0.0
TXN-000513,1,P0036,2,225.69,54.17
TXN-000513,2,P0039,3,78.19,28.15
TXN-000516,1,P0072,3,28.47,0.0
TXN-000516,2,P0026,1,174.26,0.0
TXN-000516,3,P0033,2,78.18,0.0
TXN-000516,4,P0063,1,31.88,0.0
TXN-000516,5,P0057,1,249.65,0.0
TXN-000518,1,P0009,2,1582.73,0.0
TXN-000518,2,P0057,1,249.65,0.0
TXN-000520,1,P0034,2,69.24,0.0
TXN-000520,2,P0004,2,1188.52,0.0
TXN-000520,3,P0005,1,1435.87,0.0
TXN-000520,4,P0044,3,283.61,0.0
TXN-000521,1,P0010,3,2396.4,0.0
TXN-000521,2,P0054,1,215.77,0.0
TXN-000521,3,P0011,1,1146.62,0.0
TXN-000522,1,P0004,1,1188.52,0.0
TXN-000523,1,P0055,2,409.44,0.0
TXN-000523,2,P0071,3,31.09,0.0
TXN-000523,3,P0018,2,69.15,0.0
TXN-000523,4,P0015,2,82.92,0.0
TXN-000526,1,P0007,2,3465.47,0.0
TXN-000529,1,P0004,3,1188.52,0.0
TXN-000529,2,P0044,2,283.61,0.0
TXN-000530,1,P0060,2,182.94,36.59
TXN-000530,2,P0055,1,409.44,40.94
TXN-000530,3,P0067,1,29.54,2.95
TXN-000530,4,P0034,3,69.24,20.77
TXN-000530,5,P0021,1,97.29,9.73
TXN-000534,1,P0031,1,9.81,0.0
TXN-000536,1,P0011,3,1146.62,0.0
TXN-000536,2,P0010,3,2396.4,0.0
TXN-000536,3,P0029,3,118.4,0.0
TXN-000536,4,P0065,3,7.33,0.0
TXN-000537,1,P0032,2,236.17,0.0
TXN-000537,2,P0047,1,46.84,0.0
TXN-000537,3,P0030,2,24.13,0.0
TXN-000539,1,P0002,2,2146.53,0.0
TXN-000539,2,P0022,3,172.19,0.0
TXN-000539,3,P0016,3,100.89,0.0
TXN-000539,4,P0054,1,215.77,0.0
TXN-000540,1,P0031,3,9.81,0.0
TXN-000540,2,P0038,3,56.28,0.0
TXN-000540,3,P0016,2,100.89,0.0
TXN-000540,4,P0044,3,283.61,0.0
TXN-000540,5,P0014,2,138.97,0.0
TXN-000541,1,P0042,3,129.3,0.0
TXN-000541,2,P0057,1,249.65,0.0
TXN-000541,3,P0023,2,94.09,0.0
TXN-000541,4,P0066,3,5.69,0.0
TXN-000542,1,P0027,2,251.02,75.31
TXN-000544,1,P0025,1,213.64,0.0
TXN-000544,2,P0001,3,3412.97,0.0
TXN-000544,3,P0063,2,31.88,0.0
TXN-000544,4,P0004,2,1188.52,0.0
TXN-000544,5,P0048,1,51.12,0.0
TXN-000545,1,P0011,2,1146.62,0.0
TXN-000545,2,P0029,2,118.4,0.0
TXN-000545,3,P0010,3,2396.4,0.0
TXN-000546,1,P0072,3,28.47,0.0
TXN-000546,2,P0005,1,1435.87,0.0
TXN-000550,1,P0053,3,183.67,82.65
TXN-000550,2,P0031,2,9.81,2.94
TXN-000550,3,P0004,2,1188.52,356.56
TXN-000550,4,P0038,2,56.28,16.88
TXN-000550,5,P0035,2,32.43,9.73
TXN-000551,1,P0022,1,172.19,0.0
TXN-000551,2,P0069,1,8.93,0.0
TXN-000551,3,P0027,1,251.02,0.0
TXN-000551,4,P0015,1,82.92,0.0
TXN-000551,5,P0043,2,16.37,0.0
TXN-000556,1,P0032,3,236.17,0.0
TXN-000556,2,P0011,3,1146.62,0.0
TXN-000556,3,P0019,3,172.24,0.0
TXN-000556,4,P0052,1,215.89,0.0
TXN-000557,1,P0027,3,251.02,0.0
TXN-000557,2,P0072,3,28.47,0.0
TXN-000557,3,P0063,2,31.88,0.0
TXN-000558,1,P0067,1,29.54,4.43
TXN-000558,2,P0016,1,100.89,15.13
TXN-000559,1,P0016,3,100.89,0.0
TXN-000559,2,P0056,3,150.35,0.0
TXN-000559,3,P0038,2,56.28,0.0
TXN-000563,1,P0050,1,,
TXN-000563,2,P0043,1,16.37,0.0
TXN-000563,3,P0036,1,225.69,0.0
TXN-000563,4,P0061,3,10.99,0.0
TXN-000563,5,P0027,1,251.02,0.0
TXN-000564,1,P0065,3,7.33,0.0
TXN-000564,2,P0016,2,100.89,0.0
TXN-000564,3,P0031,2,9.81,0.0
TXN-000566,1,P0026,2,174.26,0.0
TXN-000569,1,P0025,3,213.64,0.0
TXN-000569,2,P0003,2,3451.71,0.0
TXN-000569,3,P0043,1,16.37,0.0
TXN-000570,1,P0019,1,172.24,0.0
TXN-000570,2,P0035,1,32.43,0.0
TXN-000570,3,P0011,2,1146.62,0.0
TXN-000570,4,P0023,3,94.09,0.0
TXN-000570,5,P0057,1,249.65,0.0
TXN-000572,1,P0025,1,213.64,0.0
TXN-000572,2,P0017,2,133.08,0.0
TXN-000572,3,P0040,1,20.75,0.0
TXN-000574,1,P0071,2,31.09,0.0
TXN-000574,2,P0035,2,32.43,0.0
TXN-000574,3,P0012,1,2689.44,0.0
TXN-000574,4,P0066,3,5.69,0.0
TXN-000574,5,P0027,1,251.02,0.0
TXN-000577,1,P0068,1,3.38,0.51
TXN-000577,2,P0026,2,174.26,52.28
TXN-000577,3,P0018,1,69.15,10.37
TXN-000577,4,P0017,2,133.08,39.92
TXN-000577,5,P0043,2,,
TXN-000581,1,P0051,1,408.31,0.0
TXN-000581,2,P0010,2,2396.4,0.0
TXN-000581,3,P0030,2,24.13,0.0
TXN-000581,4,P0018,1,69.15,0.0
TXN-000581,5,P0064,2,29.37,0.0
TXN-000583,1,P0052,2,215.89,0.0
TXN-000583,2,P0055,3,409.44,0.0
TXN-000583,3,P0007,2,3465.47,0.0
TXN-000583,4,P0039,2,78.19,0.0
TXN-000586,1,P0023,3,94.09,0.0
TXN-000586,2,P0011,3,1146.62,0.0
TXN-000588,1,P0052,3,215.89,0.0
TXN-000588,2,P0003,1,3451.71,0.0
TXN-000588,3,P0024,2,21.73,0.0
TXN-000588,4,P0033,1,78.18,0.0
TXN-000589,1,P0024,3,21.73,0.0
TXN-000589,2,P0036,2,225.69,0.0
TXN-000589,3,P0065,3,7.33,0.0
TXN-000591,1,P0045,2,471.19,0.0
TXN-000591,2,P0057,2,249.65,0.0
TXN-000591,3,P0020,3,97.29,0.0
TXN-000593,1,P0051,1,408.31,0.0
TXN-000595,1,P0021,1,97.29,0.0
TXN-000595,2,P0023,2,94.09,0.0
TXN-000595,3,P0052,3,215.89,0.0
TXN-000595,4,P0037,1,23.27,0.0
TXN-000596,1,P0053,3,183.67,0.0
TXN-000596,2,P0003,3,3451.71,0.0
TXN-000596,3,P0042,2,129.3,0.0
TXN-000596,4,P0032,3,236.17,0.0
TXN-000596,5,P0022,3,172.19,0.0
TXN-000597,1,P0017,1,133.08,0.0
TXN-000597,2,P0038,2,56.28,0.0
TXN-000597,3,P0009,3,1582.73,0.0
TXN-000598,1,P0060,1,182.94,0.0
TXN-000598,2,P0009,3,1582.73,0.0
TXN-000599,1,P0004,2,1188.52,0.0
TXN-000599,2,P0057,3,249.65,0.0
TXN-000599,3,P0062,2,24.69,0.0
TXN-000599,4,P0008,3,2996.13,0.0
TXN-000599,5,P0038,2,56.28,0.0
TXN-000600,1,P0062,2,24.69,0.0
TXN-000600,2,P0027,3,251.02,0.0
TXN-000601,1,P0036,2,225.69,0.0
TXN-000601,2,P0005,2,1435.87,0.0
TXN-000601,3,P0018,3,69.15,0.0
TXN-000601,4,P0019,3,172.24,0.0
TXN-000601,5,P0067,3,29.54,0.0
TXN-000603,1,P0049,3,392.85,0.0
TXN-000603,2,P0063,2,31.88,0.0
TXN-000603,3,P0022,1,172.19,0.0
TXN-000605,1,P0008,2,2996.13,0.0
TXN-000606,1,P0006,3,2008.25,0.0
TXN-000606,2,P0035,3,32.43,0.0
TXN-000607,1,P0060,2,182.94,0.0
TXN-000607,2,P0013,1,48.85,0.0
TXN-000607,3,P0069,1,8.93,0.0
TXN-000607,4,P0007,2,3465.47,0.0
TXN-000608,1,P0059,2,439.09,131.73
TXN-000608,2,P0001,3,3412.97,1535.84
TXN-000609,1,P0072,3,28.47,0.0
TXN-000609,2,P0065,1,7.33,0.0
TXN-000609,3,P0040,2,20.75,0.0
TXN-000612,1,P0036,3,225.69,0.0
TXN-000612,2,P0003,2,3451.71,0.0
TXN-000612,3,P0026,1,174.26,0.0
TXN-000612,4,P0027,2,251.02,0.0
TXN-000613,1,P0062,3,24.69,0.0
TXN-000613,2,P0061,3,10.99,0.0
TXN-000613,3,P0006,2,2008.25,0.0
TXN-000617,1,P0063,3,31.88,0.0
TXN-000617,2,P0037,3,23.27,0.0
TXN-000617,3,P0043,3,16.37,0.0
TXN-000617,4,P0009,3,1582.73,0.0
TXN-000617,5,P0010,1,2396.4,0.0
TXN-000618,1,P0010,2,2396.4,0.0
TXN-000618,2,P0024,3,21.73,0.0
TXN-000618,3,P0044,2,283.61,0.0
TXN-000620,1,P0069,3,8.93,0.0
TXN-000621,1,P0055,1,409.44,0.0
TXN-000621,2,P0035,1,32.43,0.0
TXN-000622,1,P0007,1,3465.47,0.0
TXN-000622,2,P0058,2,207.1,0.0
TXN-000622,3,P0057,1,249.65,0.0
TXN-000622,4,P0052,1,215.89,0.0
TXN-000625,1,P0019,1,172.24,0.0
TXN-000627,1,P0042,1,129.3,0.0
TXN-000627,2,P0004,1,1188.52,0.0
TXN-000627,3,P0043,1,16.37,0.0
TXN-000628,1,P0009,2,1582.73,0.0
TXN-000628,2,P0015,3,82.92,0.0
TXN-000628,3,P0061,3,10.99,0.0
TXN-000628,4,P0060,1,182.94,0.0
TXN-000631,1,P0021,2,,
TXN-000631,2,P0051,2,408.31,0.0
TXN-000632,1,P0016,2,100.89,0.0
TXN-000632,2,P0036,1,225.69,0.0
TXN-000632,3,P0066,2,5.69,0.0
TXN-000632,4,P0044,2,283.61,0.0
TXN-000633,1,P0015,1,82.92,0.0
TXN-000633,2,P0016,2,100.89,0.0
TXN-000633,3,P0071,3,31.09,0.0
TXN-000633,4,P0038,1,56.28,0.0
TXN-000634,1,P0068,3,3.38,0.0
TXN-000634,2,P0020,1,97.29,0.0
TXN-000634,3,P0007,3,3465.47,0.0
TXN-000636,1,P0019,1,172.24,0.0
TXN-000636,2,P0062,1,24.69,0.0
TXN-000639,1,P0029,1,118.4,0.0
TXN-000639,2,P0067,3,29.54,0.0
TXN-000639,3,P0014,2,138.97,0.0
TXN-000640,1,P0066,3,5.69,0.0
TXN-000640,2,P0043,2,16.37,0.0
TXN-000640,3,P0054,1,215.77,0.0
TXN-000641,1,P0049,3,392.85,0.0
TXN-000641,2,P0067,1,29.54,0.0
TXN-000641,3,P0006,3,2008.25,0.0
TXN-000641,4,P0014,3,138.97,0.0
TXN-000641,5,P0013,2,48.85,0.0
TXN-000642,1,P0028,3,187.66,0.0
TXN-000644,1,P0012,3,2689.44,0.0
TXN-000644,2,P0043,1,16.37,0.0
TXN-000644,3,P0046,2,382.78,0.0
TXN-000644,4,P0069,3,8.93,0.0
TXN-000645,1,P0047,1,46.84,0.0
TXN-000645,2,P0021,3,97.29,0.0
TXN-000645,3,P0022,3,172.19,0.0
TXN-000645,4,P0042,3,129.3,0.0
TXN-000647,1,P0032,2,236.17,47.23
TXN-000647,2,P0029,1,118.4,11.84
TXN-000648,1,P0052,2,215.89,0.0
TXN-000648,2,P0050,1,612.91,0.0
TXN-000648,3,P0034,2,69.24,0.0
TXN-000648,4,P0047,3,46.84,0.0
TXN-000648,5,P0056,3,150.35,0.0
TXN-000651,1,P0030,1,24.13,0.0
TXN-000651,2,P0066,3,5.69,0.0
TXN-000651,3,P0053,1,183.67,0.0
TXN-000653,1,P0049,1,392.85,0.0
TXN-000653,2,P0061,2,10.99,0.0
TXN-000653,3,P0018,2,69.15,0.0
TXN-000653,4,P0044,2,283.61,0.0
TXN-000656,1,P0038,3,56.28,20.26
TXN-000656,2,P0014,3,138.97,50.03
TXN-000656,3,P0045,1,471.19,56.54
TXN-000657,1,P0047,1,46.84,0.0
TXN-000657,2,P0019,2,172.24,0.0
TXN-000659,1,P0008,1,2996.13,299.61
TXN-000659,2,P0068,2,3.38,0.68
TXN-000659,3,P0006,3,2008.25,602.48
TXN-000662,1,P0055,3,409.44,0.0
TXN-000662,2,P0040,2,20.75,0.0
TXN-000662,3,P0027,1,251.02,0.0
TXN-000663,1,P0017,1,133.08,0.0
TXN-000663,2,P0029,2,118.4,0.0
TXN-000663,3,P0010,3,2396.4,0.0
TXN-000663,4,P0015,3,82.92,0.0
TXN-000664,1,P0026,1,174.26,0.0
TXN-000664,2,P0012,1,2689.44,0.0
TXN-000664,3,P0072,1,28.47,0.0
TXN-000664,4,P0064,1,29.37,0.0
TXN-000665,1,P0006,1,2008.25,0.0
TXN-000665,2,P0065,1,7.33,0.0
TXN-000665,3,P0025,2,213.64,0.0
TXN-000665,4,P0027,2,251.02,0.0
TXN-000665,5,P0041,3,241.44,0.0
TXN-000666,1,P0009,3,1582.73,0.0
TXN-000666,2,P0032,3,236.17,0.0
TXN-000666,3,P0068,1,3.38,0.0
TXN-000666,4,P0037,1,23.27,0.0
TXN-000667,1,P0001,1,3412.97,511.95
TXN-000667,2,P0008,1,2996.13,449.42
TXN-000667,3,P0050,1,,
TXN-000667,4,P0016,2,100.89,30.27
TXN-000668,1,P0062,2,24.69,0.0
TXN-000668,2,P0020,2,97.29,0.0
TXN-000668,3,P0059,1,439.09,0.0
TXN-000668,4,P0069,2,8.93,0.0
TXN-000669,1,P0052,3,215.89,0.0
TXN-000669,2,P0017,2,133.08,0.0
TXN-000670,1,P0032,3,236.17,70.85
TXN-000670,2,P0028,1,187.66,18.77
TXN-000671,1,P0070,3,34.14,0.0
TXN-000672,1,P0024,2,21.73,0.0
TXN-000672,2,P0057,1,249.65,0.0
TXN-000672,3,P0004,3,1188.52,0.0
TXN-000672,4,P0027,1,251.02,0.0
TXN-000675,1,P0019,2,172.24,0.0
TXN-000677,1,P0003,2,3451.71,0.0
TXN-000677,2,P0054,2,215.77,0.0
TXN-000677,3,P0022,1,172.19,0.0
TXN-000677,4,P0047,1,46.84,0.0
TXN-000680,1,P0023,2,94.09,0.0
TXN-000681,1,P0020,3,97.29,0.0
TXN-000682,1,P0012,2,2689.44,0.0
TXN-000682,2,P0001,1,3412.97,0.0
TXN-000686,1,P0012,2,2689.44,0.0
TXN-000687,1,P0064,2,29.37,0.0
TXN-000687,2,P0039,3,78.19,0.0
TXN-000687,3,P0063,3,31.88,0.0
TXN-000688,1,P0054,2,215.77,0.0
TXN-000688,2,P0004,3,1188.52,0.0
TXN-000688,3,P0018,2,,
TXN-000688,4,P0041,3,241.44,0.0
TXN-000690,1,P0028,2,187.66,0.0
TXN-000690,2,P0054,2,215.77,0.0
TXN-000690,3,P0063,3,31.88,0.0
TXN-000690,4,P0002,3,2146.53,0.0
TXN-000691,1,P0003,2,3451.71,0.0
TXN-000692,1,P0042,3,129.3,0.0
TXN-000692,2,P0030,1,24.13,0.0
TXN-000693,1,P0011,2,1146.62,0.0
TXN-000693,2,P0068,3,3.38,0.0
TXN-000693,3,P0063,2,31.88,0.0
TXN-000695,1,P0016,3,100.89,0.0
TXN-000695,2,P0038,2,56.28,0.0
TXN-000695,3,P0008,1,2996.13,0.0
TXN-000695,4,P0025,1,213.64,0.0
TXN-000695,5,P0068,1,3.38,0.0
TXN-000700,1,P0066,2,5.69,0.0
TXN-000701,1,P0045,3,471.19,0.0
TXN-000702,1,P0035,3,32.43,0.0
TXN-000702,2,P0072,1,28.47,0.0
TXN-000702,3,P0048,2,51.12,0.0
TXN-000704,1,P0007,3,3465.47,0.0
TXN-000704,2,P0030,1,24.13,0.0
TXN-000704,3,P0033,1,78.18,0.0
TXN-000704,4,P0028,1,187.66,0.0
TXN-000708,1,P0009,3,1582.73,0.0
TXN-000708,2,P0051,1,408.31,0.0
TXN-000712,1,P0011,3,1146.62,0.0
TXN-000712,2,P0054,1,215.77,0.0
TXN-000712,3,P0015,2,82.92,0.0
TXN-000712,4,P0065,3,7.33,0.0
TXN-000713,1,P0067,3,29.54,0.0
TXN-000713,2,P0051,1,408.31,0.0
TXN-000713,3,P0029,3,118.4,0.0
TXN-000713,4,P0045,3,471.19,0.0
TXN-000714,1,P0052,1,215.89,32.38
TXN-000714,2,P0039,1,78.19,11.73
TXN-000716,1,P0069,3,8.93,0.0
TXN-000716,2,P0013,1,48.85,0.0
TXN-000716,3,P0055,2,409.44,0.0
TXN-000716,4,P0045,1,471.19,0.0
TXN-000718,1,P0007,1,3465.47,0.0
TXN-000718,2,P0033,2,78.18,0.0
TXN-000718,3,P0016,1,100.89,0.0
TXN-000718,4,P0067,2,29.54,0.0
TXN-000718,5,P0063,3,31.88,0.0
TXN-000719,1,P0006,2,2008.25,0.0
TXN-000719,2,P0039,3,78.19,0.0
TXN-000719,3,P0024,1,21.73,0.0
TXN-000719,4,P0029,3,118.4,0.0
TXN-000721,1,P0058,2,207.1,0.0
TXN-000721,2,P0070,2,34.14,0.0
TXN-000722,1,P0048,1,51.12,5.11
TXN-000723,1,P0028,2,187.66,0.0
TXN-000723,2,P0025,1,213.64,0.0
TXN-000723,3,P0061,3,10.99,0.0
TXN-000723,4,P0062,1,24.69,0.0
TXN-000724,1,P0047,1,46.84,0.0
TXN-000724,2,P0029,1,118.4,0.0
TXN-000724,3,P0034,2,69.24,0.0
TXN-000724,4,P0053,3,183.67,0.0
TXN-000725,1,P0031,2,9.81,0.0
TXN-000725,2,P0067,1,29.54,0.0
TXN-000726,1,P0044,2,283.61,0.0
TXN-000726,2,P0039,2,78.19,0.0
TXN-000726,3,P0069,2,8.93,0.0
TXN-000726,4,P0042,3,129.3,0.0
TXN-000727,1,P0067,3,29.54,0.0
TXN-000727,2,P0009,2,1582.73,0.0
TXN-000727,3,P0033,2,78.18,0.0
TXN-000727,4,P0035,3,32.43,0.0
TXN-000727,5,P0037,2,23.27,0.0
TXN-000728,1,P0025,3,213.64,0.0
TXN-000728,2,P0047,2,46.84,0.0
TXN-000728,3,P0070,1,34.14,0.0
TXN-000730,1,P0054,3,215.77,0.0
TXN-000730,2,P0026,3,174.26,0.0
TXN-000730,3,P0035,2,32.43,0.0
TXN-000730,4,P0007,1,3465.47,0.0
TXN-000730,5,P0055,1,409.44,0.0
TXN-000731,1,P0006,1,2008.25,200.82
TXN-000731,2,P0008,3,2996.13,898.84
TXN-000733,1,P0016,1,100.89,0.0
TXN-000733,2,P0013,3,48.85,0.0
TXN-000733,3,P0032,1,236.17,0.0
TXN-000733,4,P0053,2,183.67,0.0
TXN-000734,1,P0057,1,249.65,0.0
TXN-000734,2,P0020,2,97.29,0.0
TXN-000734,3,P0050,3,612.91,0.0
TXN-000734,4,P0049,3,392.85,0.0
TXN-000735,1,P0052,1,215.89,0.0
TXN-000735,2,P0027,2,251.02,0.0
TXN-000738,1,P0071,1,31.09,0.0
TXN-000742,1,P0048,1,51.12,0.0
TXN-000742,2,P0036,3,225.69,0.0
TXN-000742,3,P0060,3,182.94,0.0
TXN-000742,4,P0032,1,236.17,0.0
TXN-000742,5,P0059,2,439.09,0.0
TXN-000743,1,P0046,1,382.78,0.0
TXN-000743,2,P0052,2,215.89,0.0
TXN-000743,3,P0033,1,78.18,0.0
TXN-000743,4,P0068,3,3.38,0.0
TXN-000743,5,P0053,2,183.67,0.0
TXN-000745,1,P0054,1,215.77,0.0
TXN-000745,2,P0007,3,3465.47,0.0
TXN-000748,1,P0019,3,172.24,0.0
TXN-000748,2,P0026,2,174.26,0.0
TXN-000748,3,P0012,1,2689.44,0.0
TXN-000749,1,P0009,1,1582.73,0.0
TXN-000750,1,P0048,3,51.12,0.0
TXN-000750,2,P0061,3,10.99,0.0
TXN-000750,3,P0034,3,69.24,0.0
TXN-000751,1,P0003,2,3451.71,1035.51
TXN-000751,2,P0056,3,150.35,67.66
TXN-000752,1,P0060,1,182.94,0.0
TXN-000752,2,P0020,3,97.29,0.0
TXN-000753,1,P0008,2,2996.13,0.0
TXN-000753,2,P0056,2,150.35,0.0
TXN-000753,3,P0052,2,215.89,0.0
TXN-000754,1,P0022,1,172.19,0.0
TXN-000754,2,P0044,3,283.61,0.0
TXN-000756,1,P0013,1,48.85,0.0
TXN-000756,2,P0005,1,1435.87,0.0
TXN-000756,3,P0011,2,1146.62,0.0
TXN-000757,1,P0034,3,69.24,0.0
TXN-000757,2,P0021,2,97.29,0.0
TXN-000757,3,P0066,2,5.69,0.0
TXN-000757,4,P0013,3,48.85,0.0
TXN-000757,5,P0064,2,29.37,0.0
TXN-000758,1,P0031,1,9.81,0.0
TXN-000758,2,P0060,1,182.94,0.0
TXN-000761,1,P0066,2,5.69,1.71
TXN-000761,2,P0064,3,29.37,13.22
TXN-000762,1,P0028,2,187.66,0.0
TXN-000762,2,P0019,3,172.24,0.0
TXN-000763,1,P0071,1,31.09,0.0
TXN-000763,2,P0038,1,56.28,0.0
TXN-000763,3,P0069,3,8.93,0.0
TXN-000763,4,P0059,1,439.09,0.0
TXN-000764,1,P0039,3,78.19,0.0
TXN-000764,2,P0005,2,1435.87,0.0
TXN-000764,3,P0030,1,24.13,0.0
TXN-000765,1,P0070,3,34.14,0.0
TXN-000765,2,P0054,2,215.77,0.0
TXN-000765,3,P0003,1,3451.71,0.0
TXN-000765,4,P0065,3,7.33,0.0
TXN-000765,5,P0040,1,20.75,0.0
TXN-000767,1,P0070,1,34.14,5.12
TXN-000767,2,P0071,1,31.09,4.66
TXN-000767,3,P0009,1,1582.73,237.41
TXN-000768,1,P0066,1,5.69,0.0
TXN-000768,2,P0016,1,100.89,0.0
TXN-000768,3,P0062,2,24.69,0.0
TXN-000768,4,P0036,3,225.69,0.0
TXN-000769,1,P0062,1,24.69,0.0
TXN-000769,2,P0045,2,471.19,0.0
TXN-000770,1,P0030,3,24.13,7.24
TXN-000771,1,P0046,1,382.78,38.28
TXN-000772,1,P0015,3,82.92,0.0
TXN-000772,2,P0018,2,69.15,0.0
TXN-000772,3,P0061,1,10.99,0.0
TXN-000772,4,P0064,3,29.37,0.0
TXN-000772,5,P0071,2,31.09,0.0
TXN-000773,1,P0036,2,225.69,0.0
TXN-000773,2,P0044,3,283.61,0.0
TXN-000775,1,P0039,2,78.19,0.0
TXN-000775,2,P0013,2,48.85,0.0
TXN-000775,3,P0052,1,215.89,0.0
TXN-000775,4,P0006,1,2008.25,0.0
TXN-000775,5,P0040,3,,
TXN-000776,1,P0043,1,16.37,0.0
TXN-000779,1,P0032,1,236.17,0.0
TXN-000781,1,P0063,2,,
TXN-000781,2,P0036,2,225.69,0.0
TXN-000781,3,P0056,1,150.35,0.0
TXN-000781,4,P0007,3,3465.47,0.0
TXN-000785,1,P0055,3,409.44,0.0
TXN-000785,2,P0033,2,78.18,0.0
TXN-000785,3,P0035,3,32.43,0.0
TXN-000786,1,P0043,1,16.37,0.0
TXN-000786,2,P0064,1,29.37,0.0
TXN-000786,3,P0030,1,24.13,0.0
TXN-000786,4,P0056,1,150.35,0.0
TXN-000786,5,P0072,2,28.47,0.0
TXN-000787,1,P0005,2,,
TXN-000788,1,P0069,2,8.93,0.0
TXN-000788,2,P0031,3,9.81,0.0
TXN-000788,3,P0006,3,2008.25,0.0
TXN-000789,1,P0001,2,3412.97,0.0
TXN-000789,2,P0055,3,409.44,0.0
TXN-000789,3,P0045,1,471.19,0.0
TXN-000790,1,P0026,2,174.26,0.0
TXN-000790,2,P0017,3,133.08,0.0
TXN-000793,1,P0015,1,82.92,0.0
TXN-000793,2,P0017,2,133.08,0.0
TXN-000793,3,P0007,3,3465.47,0.0
TXN-000793,4,P0030,1,24.13,0.0
TXN-000793,5,P0069,1,8.93,0.0
TXN-000795,1,P0042,2,129.3,25.86
TXN-000797,1,P0008,2,2996.13,0.0
TXN-000797,2,P0004,3,1188.52,0.0
TXN-000797,3,P0020,3,97.29,0.0
TXN-000800,1,P0031,3,9.81,0.0
TXN-000800,2,P0053,3,183.67,0.0
TXN-000801,1,P0033,3,78.18,0.0
TXN-000801,2,P0068,2,3.38,0.0
TXN-000801,3,P0016,2,100.89,0.0
TXN-000801,4,P0072,3,28.47,0.0
TXN-000802,1,P0035,1,32.43,0.0
TXN-000802,2,P0032,3,236.17,0.0
TXN-000802,3,P0020,3,97.29,0.0
TXN-000802,4,P0009,3,1582.73,0.0
TXN-000803,1,P0056,1,150.35,0.0
TXN-000803,2,P0028,1,187.66,0.0
TXN-000803,3,P0014,2,138.97,0.0
TXN-000803,4,P0040,3,20.75,0.0
TXN-000803,5,P0033,2,78.18,0.0
TXN-000804,1,P0024,2,21.73,0.0
TXN-000804,2,P0038,2,56.28,0.0
TXN-000804,3,P0025,2,213.64,0.0
TXN-000804,4,P0003,3,3451.71,0.0
TXN-000804,5,P0011,1,1146.62,0.0
TXN-000807,1,P0053,1,183.67,0.0
TXN-000808,1,P0002,2,2146.53,429.31
TXN-000808,2,P0024,1,21.73,2.17
TXN-000808,3,P0027,3,251.02,75.31
TXN-000808,4,P0004,1,1188.52,118.85
TXN-000808,5,P0014,2,138.97,27.79
TXN-000812,1,P0050,1,612.91,0.0
TXN-000812,2,P0051,3,408.31,0.0
TXN-000812,3,P0012,2,2689.44,0.0
TXN-000813,1,P0014,3,138.97,0.0
TXN-000813,2,P0063,3,31.88,0.0
TXN-000813,3,P0055,3,409.44,0.0
TXN-000813,4,P0072,2,28.47,0.0
TXN-000817,1,P0025,1,213.64,32.05
TXN-000817,2,P0023,1,94.09,14.11
TXN-000817,3,P0014,1,138.97,20.85
TXN-000818,1,P0059,2,439.09,0.0
TXN-000821,1,P0025,3,213.64,64.09
TXN-000821,2,P0035,3,32.43,9.73
TXN-000821,3,P0052,2,215.89,43.18
TXN-000823,1,P0042,1,129.3,0.0
TXN-000824,1,P0036,1,225.69,0.0
TXN-000824,2,P0035,2,32.43,0.0
TXN-000826,1,P0026,1,174.26,0.0
TXN-000826,2,P0059,1,439.09,0.0
TXN-000827,1,P0027,1,251.02,0.0
TXN-000830,1,P0064,1,,
TXN-000830,2,P0066,1,5.69,0.0
TXN-000830,3,P0022,2,172.19,0.0
TXN-000830,4,P0024,3,21.73,0.0
TXN-000832,1,P0016,2,100.89,0.0
TXN-000832,2,P0059,2,439.09,0.0
TXN-000832,3,P0062,2,24.69,0.0
TXN-000832,4,P0008,1,2996.13,0.0
TXN-000835,1,P0033,2,78.18,0.0
TXN-000835,2,P0065,2,7.33,0.0
TXN-000835,3,P0038,3,56.28,0.0
TXN-000835,4,P0017,3,133.08,0.0
TXN-000836,1,P0046,1,382.78,0.0
TXN-000838,1,P0068,3,3.38,0.0
TXN-000838,2,P0001,3,3412.97,0.0
TXN-000838,3,P0052,2,215.89,0.0
TXN-000839,1,P0004,3,1188.52,0.0
TXN-000840,1,P0026,1,174.26,0.0
TXN-000840,2,P0018,3,69.15,0.0
TXN-000840,3,P0046,3,382.78,0.0
TXN-000840,4,P0038,3,56.28,0.0
TXN-000841,1,P0042,1,129.3,0.0
TXN-000842,1,P0029,3,118.4,0.0
TXN-000842,2,P0044,3,283.61,0.0
TXN-000843,1,P0072,3,28.47,0.0
TXN-000843,2,P0042,2,129.3,0.0
TXN-000843,3,P0003,1,3451.71,0.0
TXN-000843,4,P0063,3,31.88,0.0
TXN-000844,1,P0031,1,9.81,0.0
TXN-000844,2,P0035,1,32.43,0.0
TXN-000844,3,P0005,2,1435.87,0.0
TXN-000844,4,P0012,2,2689.44,0.0
TXN-000844,5,P0047,1,46.84,0.0
TXN-000846,1,P0072,1,28.47,0.0
TXN-000846,2,P0008,1,2996.13,0.0
TXN-000846,3,P0017,3,133.08,0.0
TXN-000846,4,P0062,2,24.69,0.0
TXN-000848,1,P0016,2,100.89,0.0
TXN-000848,2,P0011,1,1146.62,0.0
TXN-000848,3,P0055,1,409.44,0.0
TXN-000850,1,P0039,3,78.19,0.0
TXN-000850,2,P0037,2,23.27,0.0
TXN-000850,3,P0067,3,29.54,0.0
TXN-000852,1,P0025,1,213.64,0.0
TXN-000852,2,P0009,1,1582.73,0.0
TXN-000855,1,P0007,1,3465.47,0.0
TXN-000855,2,P0071,1,31.09,0.0
TXN-000855,3,P0024,3,21.73,0.0
TXN-000855,4,P0057,2,249.65,0.0
TXN-000856,1,P0028,2,187.66,0.0
TXN-000856,2,P0053,3,183.67,0.0
TXN-000856,3,P0022,2,172.19,0.0
TXN-000856,4,P0013,3,48.85,0.0
TXN-000856,5,P0055,1,409.44,0.0
TXN-000857,1,P0060,2,182.94,0.0
TXN-000857,2,P0064,1,29.37,0.0
TXN-000857,3,P0029,2,118.4,0.0
TXN-000857,4,P0021,3,97.29,0.0
TXN-000858,1,P0024,3,21.73,0.0
TXN-000861,1,P0048,2,51.12,0.0
TXN-000861,2,P0066,3,5.69,0.0
TXN-000862,1,P0042,1,129.3,12.93
TXN-000863,1,P0004,1,1188.52,0.0
TXN-000863,2,P0012,3,2689.44,0.0
TXN-000863,3,P0039,3,78.19,0.0
TXN-000865,1,P0016,3,100.89,0.0
TXN-000870,1,P0021,2,97.29,0.0
TXN-000870,2,P0062,3,24.69,0.0
TXN-000870,3,P0030,2,24.13,0.0
TXN-000870,4,P0072,1,28.47,0.0
TXN-000870,5,P0064,3,29.37,0.0
TXN-000871,1,P0029,3,118.4,0.0
TXN-000873,1,P0066,1,5.69,0.0
TXN-000874,1,P0021,3,,
TXN-000874,2,P0055,1,409.44,0.0
TXN-000874,3,P0067,3,29.54,0.0
TXN-000874,4,P0006,1,2008.25,0.0
TXN-000875,1,P0032,1,236.17,0.0
TXN-000876,1,P0015,1,,
TXN-000876,2,P0026,2,174.26,0.0
TXN-000878,1,P0043,1,16.37,0.0
TXN-000878,2,P0004,3,1188.52,0.0
TXN-000878,3,P0009,2,1582.73,0.0
TXN-000879,1,P0001,3,3412.97,0.0
TXN-000879,2,P0041,1,241.44,0.0
TXN-000879,3,P0032,1,236.17,0.0
TXN-000884,1,P0038,2,56.28,0.0
TXN-000884,2,P0066,2,5.69,0.0
TXN-000884,3,P0004,1,1188.52,0.0
TXN-000884,4,P0010,2,2396.4,0.0
TXN-000884,5,P0070,2,34.14,0.0
TXN-000885,1,P0070,2,34.14,0.0
TXN-000885,2,P0006,3,2008.25,0.0
TXN-000885,3,P0054,1,215.77,0.0
TXN-000888,1,P0043,2,16.37,0.0
TXN-000888,2,P0049,2,392.85,0.0
TXN-000889,1,P0049,3,392.85,0.0
TXN-000889,2,P0050,2,612.91,0.0
TXN-000889,3,P0070,2,34.14,0.0
TXN-000889,4,P0032,2,,
TXN-000889,5,P0034,3,69.24,0.0
TXN-000890,1,P0029,1,118.4,0.0
TXN-000890,2,P0035,2,32.43,0.0
TXN-000890,3,P0069,2,8.93,0.0
TXN-000890,4,P0052,1,215.89,0.0
TXN-000890,5,P0065,3,7.33,0.0
TXN-000892,1,P0052,2,215.89,0.0
TXN-000894,1,P0070,1,34.14,0.0
TXN-000894,2,P0001,1,3412.97,0.0
TXN-000894,3,P0052,2,215.89,0.0
TXN-000894,4,P0060,1,182.94,0.0
TXN-000894,5,P0071,2,31.09,0.0
TXN-000895,1,P0051,2,408.31,0.0
TXN-000895,2,P0071,3,31.09,0.0
TXN-000895,3,P0057,1,249.65,0.0
TXN-000895,4,P0040,3,20.75,0.0
TXN-000895,5,P0065,2,7.33,0.0
TXN-000896,1,P0049,2,392.85,0.0
TXN-000896,2,P0006,2,2008.25,0.0
TXN-000901,1,P0062,1,24.69,0.0
TXN-000901,2,P0061,3,10.99,0.0
TXN-000901,3,P0040,1,20.75,0.0
TXN-000901,4,P0052,1,215.89,0.0
TXN-000902,1,P0069,1,8.93,0.0
TXN-000903,1,P0002,3,2146.53,0.0
TXN-000903,2,P0035,2,32.43,0.0
TXN-000903,3,P0058,3,207.1,0.0
TXN-000903,4,P0018,1,69.15,0.0
TXN-000906,1,P0063,1,31.88,0.0
TXN-000906,2,P0011,2,1146.62,0.0
TXN-000906,3,P0058,3,207.1,0.0
TXN-000906,4,P0057,2,249.65,0.0
TXN-000906,5,P0051,1,408.31,0.0
TXN-000907,1,P0050,3,612.91,0.0
TXN-000907,2,P0032,1,236.17,0.0
TXN-000907,3,P0006,1,2008.25,0.0
TXN-000907,4,P0033,3,78.18,0.0
TXN-000907,5,P0043,1,16.37,0.0
TXN-000909,1,P0028,3,187.66,0.0
TXN-000909,2,P0058,3,207.1,0.0
TXN-000909,3,P0071,1,31.09,0.0
TXN-000909,4,P0014,1,138.97,0.0
TXN-000909,5,P0002,2,2146.53,0.0
TXN-000910,1,P0020,3,97.29,43.78
TXN-000910,2,P0008,2,2996.13,898.84
TXN-000910,3,P0040,2,20.75,6.22
TXN-000910,4,P0041,2,241.44,72.43
TXN-000910,5,P0062,1,24.69,3.7
TXN-000911,1,P0058,1,207.1,0.0
TXN-000911,2,P0021,3,97.29,0.0
TXN-000911,3,P0067,2,29.54,0.0
TXN-000911,4,P0031,1,9.81,0.0
TXN-000911,5,P0014,3,138.97,0.0
TXN-000912,1,P0015,1,82.92,12.44
TXN-000916,1,P0035,3,32.43,0.0
TXN-000916,2,P0012,2,2689.44,0.0
TXN-000916,3,P0010,1,2396.4,0.0
TXN-000916,4,P0002,3,2146.53,0.0
TXN-000917,1,P0061,3,,
TXN-000917,2,P0006,3,2008.25,0.0
TXN-000917,3,P0067,2,29.54,0.0
TXN-000919,1,P0010,3,2396.4,0.0
TXN-000919,2,P0059,1,439.09,0.0
TXN-000919,3,P0049,1,392.85,0.0
TXN-000919,4,P0003,3,3451.71,0.0
TXN-000920,1,P0071,1,31.09,0.0
TXN-000922,1,P0019,2,172.24,0.0
TXN-000922,2,P0036,1,225.69,0.0
TXN-000922,3,P0012,2,2689.44,0.0
TXN-000922,4,P0052,3,215.89,0.0
TXN-000922,5,P0018,1,69.15,0.0
TXN-000923,1,P0006,1,,
TXN-000923,2,P0041,3,241.44,0.0
TXN-000923,3,P0056,2,150.35,0.0
TXN-000923,4,P0065,1,7.33,0.0
TXN-000925,1,P0008,1,2996.13,0.0
TXN-000927,1,P0030,3,24.13,0.0
TXN-000927,2,P0057,1,249.65,0.0
TXN-000927,3,P0007,1,3465.47,0.0
TXN-000929,1,P0061,2,10.99,0.0
TXN-000929,2,P0026,1,174.26,0.0
TXN-000934,1,P0007,2,3465.47,0.0
TXN-000934,2,P0023,2,94.09,0.0
TXN-000934,3,P0022,2,172.19,0.0
TXN-000934,4,P0004,2,1188.52,0.0
TXN-000935,1,P0008,2,2996.13,599.23
TXN-000935,2,P0002,3,2146.53,643.96
TXN-000935,3,P0021,1,97.29,9.73
TXN-000936,1,P0005,1,1435.87,0.0
TXN-000936,2,P0057,2,249.65,0.0
TXN-000936,3,P0037,2,23.27,0.0
TXN-000937,1,P0009,1,1582.73,0.0
TXN-000937,2,P0007,2,3465.47,0.0
TXN-000938,1,P0005,2,1435.87,0.0
TXN-000938,2,P0028,3,187.66,0.0
TXN-000941,1,P0042,1,129.3,0.0
TXN-000941,2,P0002,1,2146.53,0.0
TXN-000941,3,P0028,1,187.66,0.0
TXN-000942,1,P0020,1,97.29,0.0
TXN-000942,2,P0029,1,118.4,0.0
TXN-000943,1,P0053,1,183.67,0.0
TXN-000943,2,P0066,1,5.69,0.0
TXN-000943,3,P0033,2,78.18,0.0
TXN-000943,4,P0032,1,236.17,0.0
TXN-000943,5,P0002,1,2146.53,0.0
TXN-000944,1,P0055,1,409.44,0.0
TXN-000944,2,P0040,1,20.75,0.0
TXN-000944,3,P0022,1,172.19,0.0
TXN-000944,4,P0051,3,408.31,0.0
TXN-000944,5,P0006,2,2008.25,0.0
TXN-000945,1,P0045,1,471.19,70.68
TXN-000947,1,P0048,3,51.12,0.0
TXN-000947,2,P0043,3,16.37,0.0
TXN-000947,3,P0071,1,31.09,0.0
TXN-000947,4,P0011,1,1146.62,0.0
TXN-000947,5,P0041,3,241.44,0.0
TXN-000949,1,P0066,1,5.69,0.85
TXN-000951,1,P0017,3,133.08,0.0
TXN-000952,1,P0064,1,29.37,0.0
TXN-000952,2,P0046,1,382.78,0.0
TXN-000952,3,P0017,1,133.08,0.0
TXN-000952,4,P0014,2,138.97,0.0
TXN-000954,1,P0068,1,3.38,0.34
TXN-000954,2,P0028,3,187.66,56.3
TXN-000954,3,P0016,2,100.89,20.18
TXN-000954,4,P0004,2,1188.52,237.7
TXN-000954,5,P0034,1,69.24,6.92
TXN-000955,1,P0059,3,439.09,131.73
TXN-000955,2,P0006,1,2008.25,200.82
TXN-000955,3,P0050,3,612.91,183.87
TXN-000955,4,P0030,2,24.13,4.83
TXN-000956,1,P0025,2,,
TXN-000956,2,P0029,3,118.4,0.0
TXN-000956,3,P0054,1,215.77,0.0
TXN-000958,1,P0040,3,20.75,0.0
TXN-000958,2,P0011,3,1146.62,0.0
TXN-000960,1,P0004,3,1188.52,0.0
TXN-000960,2,P0048,3,51.12,0.0
TXN-000960,3,P0035,2,32.43,0.0
TXN-000960,4,P0060,2,182.94,0.0
TXN-000961,1,P0035,2,32.43,0.0
TXN-000961,2,P0051,1,408.31,0.0
TXN-000961,3,P0050,2,612.91,0.0
TXN-000961,4,P0065,1,7.33,0.0
TXN-000962,1,P0012,2,2689.44,0.0
TXN-000962,2,P0044,2,283.61,0.0
TXN-000962,3,P0024,2,21.73,0.0
TXN-000962,4,P0052,2,215.89,0.0
TXN-000962,5,P0019,1,,
TXN-000964,1,P0003,1,3451.71,0.0
TXN-000965,1,P0012,1,2689.44,0.0
TXN-000965,2,P0072,3,28.47,0.0
TXN-000965,3,P0036,1,225.69,0.0
TXN-000965,4,P0041,3,241.44,0.0
TXN-000966,1,P0068,2,3.38,0.0
TXN-000968,1,P0023,1,94.09,14.11
TXN-000968,2,P0017,3,133.08,59.89
TXN-000968,3,P0009,1,1582.73,237.41
TXN-000968,4,P0040,1,20.75,3.11
TXN-000969,1,P0026,1,174.26,0.0
TXN-000970,1,P0063,3,31.88,0.0
TXN-000970,2,P0032,3,236.17,0.0
TXN-000970,3,P0045,1,471.19,0.0
TXN-000970,4,P0017,1,133.08,0.0
TXN-000970,5,P0048,2,51.12,0.0
TXN-000971,1,P0029,2,118.4,0.0
TXN-000971,2,P0017,3,133.08,0.0
TXN-000971,3,P0030,1,24.13,0.0
TXN-000972,1,P0021,1,97.29,9.73
TXN-000972,2,P0026,1,174.26,17.43
TXN-000972,3,P0049,2,392.85,78.57
TXN-000972,4,P0005,3,1435.87,430.76
TXN-000972,5,P0013,3,48.85,14.65
TXN-000976,1,P0072,1,28.47,0.0
TXN-000976,2,P0040,2,20.75,0.0
TXN-000979,1,P0033,1,78.18,0.0
TXN-000981,1,P0061,2,10.99,0.0
TXN-000981,2,P0028,1,187.66,0.0
TXN-000981,3,P0010,3,2396.4,0.0
TXN-000981,4,P0022,1,172.19,0.0
TXN-000981,5,P0055,3,409.44,0.0
TXN-000982,1,P0040,2,20.75,0.0
TXN-000982,2,P0026,1,174.26,0.0
TXN-000982,3,P0015,3,82.92,0.0
TXN-000982,4,P0012,3,2689.44,0.0
TXN-000982,5,P0049,1,392.85,0.0
TXN-000984,1,P0054,1,215.77,0.0
TXN-000985,1,P0026,3,174.26,62.73
TXN-000985,2,P0005,1,1435.87,172.3
TXN-000985,3,P0050,2,612.91,147.1
TXN-000985,4,P0035,3,32.43,11.67
TXN-000986,1,P0048,1,51.12,0.0
TXN-000986,2,P0045,1,471.19,0.0
TXN-000988,1,P0034,3,69.24,20.77
TXN-000988,2,P0036,1,225.69,22.57
TXN-000990,1,P0035,1,32.43,0.0
TXN-000990,2,P0013,3,48.85,0.0
TXN-000990,3,P0032,1,236.17,0.0
TXN-000990,4,P0021,1,97.29,0.0
TXN-000990,5,P0014,1,138.97,0.0
TXN-000992,1,P0014,1,138.97,13.9
TXN-000992,2,P0018,2,69.15,13.83
TXN-000992,3,P0015,2,82.92,16.58
TXN-000996,1,P0034,1,69.24,0.0
TXN-000996,2,P0025,1,213.64,0.0
TXN-000996,3,P0005,3,1435.87,0.0
TXN-000996,4,P0039,2,78.19,0.0
TXN-000997,1,P0026,3,174.26,78.42
TXN-000997,2,P0018,3,69.15,31.12
TXN-000999,1,P0045,2,471.19,0.0
TXN-000999,2,P0041,1,241.44,0.0
TXN-000999,3,P0032,1,236.17,0.0
TXN-000999,4,P0008,3,2996.13,0.0
TXN-000999,5,P0023,2,94.09,0.0
TXN-001001,1,P0042,3,129.3,0.0
TXN-001001,2,P0034,3,69.24,0.0
TXN-001001,3,P0053,1,183.67,0.0
TXN-001001,4,P0014,1,138.97,0.0
TXN-001002,1,P0020,3,97.29,0.0
TXN-001002,2,P0041,3,241.44,0.0
TXN-001003,1,P0025,3,213.64,0.0
TXN-001003,2,P0058,1,207.1,0.0
TXN-001007,1,P0022,1,172.19,17.22
TXN-001008,1,P0033,3,78.18,0.0
TXN-001008,2,P0024,1,21.73,0.0
TXN-001008,3,P0051,3,408.31,0.0
TXN-001008,4,P0055,2,409.44,0.0
TXN-001009,1,P0052,2,215.89,0.0
TXN-001012,1,P0006,2,2008.25,0.0
TXN-001013,1,P0048,3,51.12,0.0
TXN-001015,1,P0057,2,249.65,0.0
TXN-001015,2,P0068,3,3.38,0.0
TXN-001015,3,P0062,3,24.69,0.0
TXN-001015,4,P0032,2,236.17,0.0
TXN-001016,1,P0019,1,,
TXN-001016,2,P0023,3,94.09,28.23
TXN-001016,3,P0010,2,2396.4,479.28
TXN-001016,4,P0025,2,213.64,42.73
TXN-001017,1,P0058,1,207.1,0.0
TXN-001017,2,P0020,3,97.29,0.0
TXN-001017,3,P0053,1,183.67,0.0
TXN-001017,4,P0036,1,225.69,0.0
TXN-001017,5,P0068,2,3.38,0.0
TXN-001018,1,P0025,1,213.64,0.0
TXN-001018,2,P0070,1,34.14,0.0
TXN-001018,3,P0051,1,408.31,0.0
TXN-001019,1,P0022,3,172.19,77.49
TXN-001019,2,P0008,1,2996.13,449.42
TXN-001019,3,P0058,2,207.1,62.13
TXN-001019,4,P0051,1,408.31,61.25
TXN-001020,1,P0011,3,1146.62,0.0
TXN-001020,2,P0065,2,7.33,0.0
TXN-001020,3,P0044,2,283.61,0.0
TXN-001020,4,P0015,2,82.92,0.0
TXN-001021,1,P0020,2,97.29,19.46
TXN-001021,2,P0013,2,48.85,9.77
TXN-001021,3,P0070,3,34.14,10.24
TXN-001021,4,P0066,3,5.69,1.71
TXN-001021,5,P0029,3,118.4,35.52
TXN-001022,1,P0022,3,172.19,0.0
TXN-001022,2,P0001,1,3412.97,0.0
TXN-001022,3,P0069,3,8.93,0.0
TXN-001022,4,P0067,3,29.54,0.0
TXN-001022,5,P0013,2,48.85,0.0
TXN-001024,1,P0042,1,129.3,0.0
TXN-001024,2,P0058,3,207.1,0.0
TXN-001026,1,P0001,2,3412.97,0.0
TXN-001026,2,P0071,3,31.09,0.0
TXN-001026,3,P0059,3,439.09,0.0
TXN-001026,4,P0040,2,20.75,0.0
TXN-001026,5,P0064,3,29.37,0.0
TXN-001027,1,P0052,3,215.89,0.0
TXN-001027,2,P0069,2,8.93,0.0
TXN-001030,1,P0062,3,24.69,0.0
TXN-001030,2,P0040,3,20.75,0.0
TXN-001030,3,P0070,2,34.14,0.0
TXN-001034,1,P0042,2,129.3,0.0
TXN-001037,1,P0001,3,3412.97,0.0
TXN-001038,1,P0021,3,97.29,0.0
TXN-001038,2,P0055,1,409.44,0.0
TXN-001038,3,P0035,3,32.43,0.0
TXN-001038,4,P0069,3,8.93,0.0
TXN-001039,1,P0052,1,215.89,0.0
TXN-001040,1,P0040,2,20.75,10.38
TXN-001040,2,P0012,2,2689.44,1344.72
TXN-001040,3,P0034,2,69.24,34.62
TXN-001042,1,P0024,3,21.73,0.0
TXN-001042,2,P0055,1,409.44,0.0
TXN-001042,3,P0005,3,1435.87,0.0
TXN-001042,4,P0066,1,5.69,0.0
TXN-001042,5,P0061,2,10.99,0.0
TXN-001045,1,P0015,1,82.92,0.0
TXN-001048,1,P0057,3,249.65,0.0
TXN-001049,1,P0011,3,1146.62,0.0
TXN-001049,2,P0060,2,182.94,0.0
TXN-001049,3,P0002,1,2146.53,0.0
TXN-001049,4,P0043,1,16.37,0.0
TXN-001050,1,P0065,1,7.33,0.0
TXN-001050,2,P0044,3,283.61,0.0
TXN-001050,3,P0056,2,150.35,0.0
TXN-001050,4,P0069,1,8.93,0.0
TXN-001050,5,P0015,2,82.92,0.0
TXN-001051,1,P0072,2,28.47,0.0
TXN-001051,2,P0055,1,409.44,0.0
TXN-001052,1,P0017,1,133.08,0.0
TXN-001052,2,P0051,1,408.31,0.0
TXN-001058,1,P0049,2,392.85,117.86
TXN-001059,1,P0043,3,16.37,0.0
TXN-001059,2,P0069,2,8.93,0.0
TXN-001061,1,P0053,3,183.67,0.0
TXN-001063,1,P0063,2,31.88,0.0
TXN-001063,2,P0016,1,100.89,0.0
TXN-001064,1,P0040,3,20.75,6.22
TXN-001064,2,P0027,3,251.02,75.31
TXN-001065,1,P0058,1,207.1,31.07
TXN-001065,2,P0002,3,,
TXN-001065,3,P0033,1,78.18,11.73
TXN-001065,4,P0013,2,48.85,14.65
TXN-001066,1,P0034,1,69.24,0.0
TXN-001070,1,P0058,1,207.1,0.0
TXN-001070,2,P0022,2,172.19,0.0
TXN-001070,3,P0008,1,2996.13,0.0
TXN-001070,4,P0020,2,97.29,0.0
TXN-001072,1,P0022,1,172.19,0.0
TXN-001072,2,P0021,2,97.29,0.0
TXN-001072,3,P0012,3,2689.44,0.0
TXN-001072,4,P0014,1,138.97,0.0
TXN-001074,1,P0024,1,21.73,0.0
TXN-001074,2,P0028,3,187.66,0.0
TXN-001074,3,P0035,3,32.43,0.0
TXN-001075,1,P0046,1,382.78,0.0
TXN-001075,2,P0041,1,241.44,0.0
TXN-001075,3,P0013,3,48.85,0.0
TXN-001075,4,P0029,3,118.4,0.0
TXN-001076,1,P0014,3,138.97,0.0
TXN-001077,1,P0069,2,8.93,0.0
TXN-001077,2,P0053,3,183.67,0.0
TXN-001077,3,P0033,1,78.18,0.0
TXN-001077,4,P0062,2,24.69,0.0
TXN-001077,5,P0072,1,28.47,0.0
TXN-001079,1,P0065,1,7.33,0.0
TXN-001081,1,P0052,3,215.89,0.0
TXN-001081,2,P0059,1,,
TXN-001081,3,P0031,3,9.81,0.0
TXN-001083,1,P0044,2,283.61,0.0
TXN-001083,2,P0039,2,78.19,0.0
TXN-001083,3,P0070,1,34.14,0.0
TXN-001083,4,P0011,3,1146.62,0.0
TXN-001083,5,P0071,3,31.09,0.0
TXN-001084,1,P0041,1,241.44,0.0
TXN-001085,1,P0034,1,69.24,0.0
TXN-001085,2,P0002,2,2146.53,0.0
TXN-001087,1,P0037,1,23.27,0.0
TXN-001087,2,P0001,2,3412.97,0.0
TXN-001087,3,P0020,1,97.29,0.0
TXN-001087,4,P0051,3,408.31,0.0
TXN-001088,1,P0002,2,2146.53,0.0
TXN-001089,1,P0023,3,94.09,0.0
TXN-001091,1,P0017,1,133.08,0.0
TXN-001091,2,P0055,1,409.44,0.0
TXN-001094,1,P0024,3,21.73,0.0
TXN-001094,2,P0051,2,408.31,0.0
TXN-001094,3,P0058,2,207.1,0.0
TXN-001094,4,P0001,3,3412.97,0.0
TXN-001095,1,P0038,3,56.28,0.0
TXN-001095,2,P0061,1,10.99,0.0
TXN-001095,3,P0060,1,182.94,0.0
TXN-001095,4,P0011,1,1146.62,0.0
TXN-001095,5,P0021,2,97.29,0.0
TXN-001098,1,P0065,3,7.33,2.2
TXN-001098,2,P0023,3,94.09,28.23
TXN-001098,3,P0009,3,1582.73,474.82
TXN-001099,1,P0040,1,20.75,0.0
TXN-001099,2,P0026,1,174.26,0.0
TXN-001099,3,P0036,1,225.69,0.0
TXN-001100,1,P0050,1,612.91,0.0
TXN-001100,2,P0007,1,3465.47,0.0
TXN-001100,3,P0008,2,2996.13,0.0
TXN-001100,4,P0026,3,174.26,0.0
TXN-001100,5,P0021,1,97.29,0.0
TXN-001101,1,P0060,3,182.94,0.0
TXN-001103,1,P0001,3,3412.97,1228.67
TXN-001103,2,P0061,1,10.99,1.32
TXN-001103,3,P0018,1,69.15,8.3
TXN-001103,4,P0060,3,182.94,65.86
TXN-001103,5,P0008,1,2996.13,359.54
TXN-001104,1,P0044,2,283.61,0.0
TXN-001104,2,P0030,1,24.13,0.0
TXN-001104,3,P0006,1,2008.25,0.0
TXN-001104,4,P0058,2,207.1,0.0
TXN-001105,1,P0018,2,69.15,0.0
TXN-001105,2,P0028,1,187.66,0.0
TXN-001107,1,P0019,1,172.24,0.0
TXN-001107,2,P0050,1,612.91,0.0
TXN-001107,3,P0010,2,2396.4,0.0
TXN-001108,1,P0018,3,69.15,0.0
TXN-001108,2,P0037,3,23.27,0.0
TXN-001109,1,P0006,1,2008.25,0.0
TXN-001109,2,P0019,1,172.24,0.0
TXN-001110,1,P0043,1,,
TXN-001110,2,P0030,1,24.13,0.0
TXN-001110,3,P0040,2,20.75,0.0
TXN-001110,4,P0071,2,31.09,0.0
TXN-001110,5,P0012,1,2689.44,0.0
TXN-001111,1,P0070,2,34.14,0.0
TXN-001111,2,P0010,2,2396.4,0.0
TXN-001114,1,P0040,1,20.75,0.0
TXN-001114,2,P0030,2,24.13,0.0
TXN-001114,3,P0068,1,3.38,0.0
TXN-001115,1,P0052,3,215.89,0.0
TXN-001115,2,P0019,1,172.24,0.0
TXN-001115,3,P0058,2,207.1,0.0
TXN-001115,4,P0024,1,21.73,0.0
TXN-001115,5,P0072,2,28.47,0.0
TXN-001116,1,P0054,1,215.77,0.0
TXN-001116,2,P0018,2,69.15,0.0
TXN-001116,3,P0046,2,382.78,0.0
TXN-001116,4,P0017,2,133.08,0.0
TXN-001118,1,P0025,2,213.64,0.0
TXN-001118,2,P0042,2,129.3,0.0
TXN-001118,3,P0053,2,183.67,0.0
TXN-001120,1,P0063,2,31.88,0.0
TXN-001120,2,P0055,1,409.44,0.0
TXN-001120,3,P0016,2,100.89,0.0
TXN-001122,1,P0051,2,408.31,0.0
TXN-001122,2,P0035,1,32.43,0.0
TXN-001123,1,P0002,3,2146.53,0.0
TXN-001123,2,P0005,1,1435.87,0.0
TXN-001123,3,P0038,2,56.28,0.0
TXN-001125,1,P0060,2,182.94,0.0
TXN-001125,2,P0021,1,97.29,0.0
TXN-001128,1,P0003,1,3451.71,0.0
TXN-001128,2,P0022,1,172.19,0.0
TXN-001128,3,P0006,1,2008.25,0.0
TXN-001128,4,P0070,1,34.14,0.0
TXN-001129,1,P0029,1,118.4,11.84
TXN-001129,2,P0023,1,94.09,9.41
TXN-001129,3,P0021,1,97.29,9.73
TXN-001129,4,P0045,1,471.19,47.12
TXN-001129,5,P0025,2,213.64,42.73
TXN-001130,1,P0005,3,1435.87,0.0
TXN-001130,2,P0029,3,118.4,0.0
TXN-001130,3,P0052,2,215.89,0.0
TXN-001131,1,P0055,2,409.44,0.0
TXN-001131,2,P0017,3,133.08,0.0
TXN-001131,3,P0001,3,3412.97,0.0
TXN-001131,4,P0069,1,8.93,0.0
TXN-001131,5,P0004,2,1188.52,0.0
TXN-001132,1,P0018,2,69.15,13.83
TXN-001132,2,P0008,1,2996.13,299.61
TXN-001132,3,P0016,2,100.89,20.18
TXN-001132,4,P0019,2,172.24,34.45
TXN-001132,5,P0032,1,236.17,23.62
TXN-001135,1,P0046,3,382.78,0.0
TXN-001137,1,P0070,3,34.14,0.0
TXN-001137,2,P0015,1,82.92,0.0
TXN-001137,3,P0024,3,21.73,0.0
TXN-001138,1,P0056,2,150.35,0.0
TXN-001138,2,P0046,3,382.78,0.0
TXN-001138,3,P0013,2,48.85,0.0
TXN-001138,4,P0008,3,2996.13,0.0
TXN-001138,5,P0022,3,172.19,0.0
TXN-001139,1,P0052,1,215.89,0.0
TXN-001139,2,P0023,2,94.09,0.0
TXN-001140,1,P0051,1,408.31,0.0
TXN-001144,1,P0018,2,69.15,0.0
TXN-001144,2,P0021,1,97.29,0.0
TXN-001145,1,P0042,2,129.3,0.0
TXN-001146,1,P0002,2,2146.53,0.0
TXN-001146,2,P0042,2,129.3,0.0
TXN-001146,3,P0030,2,24.13,0.0
TXN-001148,1,P0038,2,56.28,0.0
TXN-001148,2,P0024,1,21.73,0.0
TXN-001148,3,P0006,2,2008.25,0.0
TXN-001149,1,P0072,2,28.47,0.0
TXN-001149,2,P0029,2,118.4,0.0
TXN-001149,3,P0057,2,249.65,0.0
TXN-001150,1,P0046,3,382.78,0.0
TXN-001150,2,P0038,1,56.28,0.0
TXN-000281,1,P0066,3,5.69,1.71
TXN-000857,1,P0060,2,182.94,0.0
TXN-000857,2,P0064,1,29.37,0.0
TXN-000857,3,P0029,2,118.4,0.0
TXN-000857,4,P0021,3,97.29,0.0
TXN-001146,1,P0002,2,2146.53,0.0
TXN-001146,2,P0042,2,129.3,0.0
TXN-001146,3,P0030,2,24.13,0.0
TXN-000958,1,P0040,3,20.75,0.0
TXN-000958,2,P0011,3,1146.62,0.0
TXN-000355,1,P0016,2,100.89,0.0
TXN-000355,2,P0011,3,1146.62,0.0
TXN-000355,3,P0008,1,2996.13,0.0
TXN-000355,4,P0005,2,1435.87,0.0
TXN-000406,1,P0041,2,241.44,0.0
TXN-000889,1,P0049,3,392.85,0.0
TXN-000889,2,P0050,2,612.91,0.0
TXN-000889,3,P0070,2,34.14,0.0
TXN-000889,4,P0032,2,,
TXN-000889,5,P0034,3,69.24,0.0
TXN-000546,1,P0072,3,28.47,0.0
TXN-000546,2,P0005,1,1435.87,0.0
